ID_ESTADO,ESTADO,ID_DISTRITO,DISTRITO_FEDERAL,MUNICIPIO,SECCION
21,PUEBLA,1,1,58,502
21,PUEBLA,1,1,58,503
21,PUEBLA,1,1,58,504
21,PUEBLA,1,1,65,535
21,PUEBLA,1,1,65,536
21,PUEBLA,1,1,65,537
21,PUEBLA,1,1,65,538
21,PUEBLA,1,1,65,539
21,PUEBLA,1,1,65,540
21,PUEBLA,1,1,65,541
21,PUEBLA,1,1,65,542
21,PUEBLA,1,1,65,543
21,PUEBLA,1,1,88,764
21,PUEBLA,1,1,88,765
21,PUEBLA,1,1,88,766
21,PUEBLA,1,1,88,767
21,PUEBLA,1,1,88,768
21,PUEBLA,1,1,88,769
21,PUEBLA,1,1,101,830
21,PUEBLA,1,1,101,831
21,PUEBLA,1,1,101,832
21,PUEBLA,1,1,101,833
21,PUEBLA,1,1,101,834
21,PUEBLA,1,1,110,883
21,PUEBLA,1,1,110,884
21,PUEBLA,1,1,110,885
21,PUEBLA,1,1,110,886
21,PUEBLA,1,1,110,887
21,PUEBLA,1,1,110,888
21,PUEBLA,1,1,110,889
21,PUEBLA,1,1,110,890
21,PUEBLA,1,1,110,891
21,PUEBLA,1,1,110,892
21,PUEBLA,1,1,110,893
21,PUEBLA,1,1,110,894
21,PUEBLA,1,1,110,895
21,PUEBLA,1,1,110,896
21,PUEBLA,1,1,112,912
21,PUEBLA,1,1,112,913
21,PUEBLA,1,1,112,914
21,PUEBLA,1,1,112,915
21,PUEBLA,1,1,112,916
21,PUEBLA,1,1,112,917
21,PUEBLA,1,1,112,918
21,PUEBLA,1,1,112,919
21,PUEBLA,1,1,112,920
21,PUEBLA,1,1,112,921
21,PUEBLA,1,1,178,2209
21,PUEBLA,1,1,178,2210
21,PUEBLA,1,1,178,2211
21,PUEBLA,1,1,178,2212
21,PUEBLA,1,1,178,2213
21,PUEBLA,1,1,178,2214
21,PUEBLA,1,1,178,2215
21,PUEBLA,1,1,178,2216
21,PUEBLA,1,1,178,2217
21,PUEBLA,1,1,178,2218
21,PUEBLA,1,1,187,2295
21,PUEBLA,1,1,187,2296
21,PUEBLA,1,1,187,2297
21,PUEBLA,1,1,187,2298
21,PUEBLA,1,1,194,2333
21,PUEBLA,1,1,194,2334
21,PUEBLA,1,1,194,2335
21,PUEBLA,1,1,194,2336
21,PUEBLA,1,1,194,2337
21,PUEBLA,1,1,194,2338
21,PUEBLA,1,1,194,2339
21,PUEBLA,1,1,194,2340
21,PUEBLA,1,1,194,2341
21,PUEBLA,1,1,194,2342
21,PUEBLA,1,1,194,2343
21,PUEBLA,1,1,194,2344
21,PUEBLA,1,1,194,2345
21,PUEBLA,1,1,194,2346
21,PUEBLA,1,1,194,2347
21,PUEBLA,1,1,194,2348
21,PUEBLA,1,1,197,2362
21,PUEBLA,1,1,197,2363
21,PUEBLA,1,1,197,2364
21,PUEBLA,1,1,197,2365
21,PUEBLA,1,1,197,2366
21,PUEBLA,1,1,197,2367
21,PUEBLA,1,1,197,2368
21,PUEBLA,1,1,197,2369
21,PUEBLA,1,1,197,2370
21,PUEBLA,1,1,197,2371
21,PUEBLA,1,1,197,2372
21,PUEBLA,1,1,197,2373
21,PUEBLA,1,1,197,2374
21,PUEBLA,1,1,197,2375
21,PUEBLA,1,1,197,2376
21,PUEBLA,1,1,197,2377
21,PUEBLA,1,1,197,2378
21,PUEBLA,1,1,197,2379
21,PUEBLA,1,1,197,2380
21,PUEBLA,1,1,197,2381
21,PUEBLA,1,1,197,2382
21,PUEBLA,1,1,197,2383
21,PUEBLA,1,1,197,2384
21,PUEBLA,1,1,197,2385
21,PUEBLA,1,1,197,2386
21,PUEBLA,1,1,197,2387
21,PUEBLA,1,1,197,2388
21,PUEBLA,1,1,197,2389
21,PUEBLA,1,1,197,2390
21,PUEBLA,1,2,14,113
21,PUEBLA,1,2,14,114
21,PUEBLA,1,2,14,115
21,PUEBLA,1,2,69,565
21,PUEBLA,1,2,69,566
21,PUEBLA,1,2,69,567
21,PUEBLA,1,2,69,568
21,PUEBLA,1,2,72,594
21,PUEBLA,1,2,72,595
21,PUEBLA,1,2,72,596
21,PUEBLA,1,2,72,597
21,PUEBLA,1,2,72,598
21,PUEBLA,1,2,72,599
21,PUEBLA,1,2,72,600
21,PUEBLA,1,2,72,601
21,PUEBLA,1,2,72,602
21,PUEBLA,1,2,72,603
21,PUEBLA,1,2,72,604
21,PUEBLA,1,2,72,605
21,PUEBLA,1,2,72,606
21,PUEBLA,1,2,72,607
21,PUEBLA,1,2,72,608
21,PUEBLA,1,2,72,609
21,PUEBLA,1,2,72,610
21,PUEBLA,1,2,72,611
21,PUEBLA,1,2,72,612
21,PUEBLA,1,2,72,613
21,PUEBLA,1,2,72,614
21,PUEBLA,1,2,72,615
21,PUEBLA,1,2,72,616
21,PUEBLA,1,2,72,617
21,PUEBLA,1,2,72,618
21,PUEBLA,1,2,72,619
21,PUEBLA,1,2,72,620
21,PUEBLA,1,2,72,621
21,PUEBLA,1,2,72,622
21,PUEBLA,1,2,72,623
21,PUEBLA,1,2,72,624
21,PUEBLA,1,2,72,625
21,PUEBLA,1,2,72,626
21,PUEBLA,1,2,72,627
21,PUEBLA,1,2,72,628
21,PUEBLA,1,2,72,629
21,PUEBLA,1,2,72,630
21,PUEBLA,1,2,91,779
21,PUEBLA,1,2,91,780
21,PUEBLA,1,2,91,781
21,PUEBLA,1,2,91,782
21,PUEBLA,1,2,91,783
21,PUEBLA,1,2,91,784
21,PUEBLA,1,2,91,785
21,PUEBLA,1,2,93,792
21,PUEBLA,1,2,93,793
21,PUEBLA,1,2,93,794
21,PUEBLA,1,2,93,795
21,PUEBLA,1,2,93,796
21,PUEBLA,1,2,124,1682
21,PUEBLA,1,2,124,1683
21,PUEBLA,1,2,124,1684
21,PUEBLA,1,2,183,2253
21,PUEBLA,1,2,183,2254
21,PUEBLA,1,2,183,2255
21,PUEBLA,1,2,183,2256
21,PUEBLA,1,2,183,2257
21,PUEBLA,1,2,183,2258
21,PUEBLA,1,2,183,2259
21,PUEBLA,1,2,183,2260
21,PUEBLA,1,2,183,2261
21,PUEBLA,1,2,184,2262
21,PUEBLA,1,2,184,2263
21,PUEBLA,1,2,184,2264
21,PUEBLA,1,2,184,2265
21,PUEBLA,1,2,184,2266
21,PUEBLA,1,2,213,2520
21,PUEBLA,1,2,213,2521
21,PUEBLA,1,2,213,2522
21,PUEBLA,1,2,213,2523
21,PUEBLA,1,2,213,2524
21,PUEBLA,1,2,213,2525
21,PUEBLA,1,2,213,2526
21,PUEBLA,2,2,6,64
21,PUEBLA,2,2,6,65
21,PUEBLA,2,2,6,66
21,PUEBLA,2,2,6,67
21,PUEBLA,2,2,6,68
21,PUEBLA,2,2,6,69
21,PUEBLA,2,2,6,70
21,PUEBLA,2,2,28,260
21,PUEBLA,2,2,28,261
21,PUEBLA,2,2,31,273
21,PUEBLA,2,2,50,423
21,PUEBLA,2,2,50,424
21,PUEBLA,2,2,50,425
21,PUEBLA,2,2,50,426
21,PUEBLA,2,2,50,427
21,PUEBLA,2,2,50,428
21,PUEBLA,2,2,50,429
21,PUEBLA,2,2,161,2049
21,PUEBLA,2,2,161,2050
21,PUEBLA,2,3,8,75
21,PUEBLA,2,3,8,76
21,PUEBLA,2,3,8,77
21,PUEBLA,2,3,8,78
21,PUEBLA,2,3,16,134
21,PUEBLA,2,3,16,135
21,PUEBLA,2,3,16,136
21,PUEBLA,2,3,16,137
21,PUEBLA,2,3,16,138
21,PUEBLA,2,3,54,461
21,PUEBLA,2,3,54,462
21,PUEBLA,2,3,54,463
21,PUEBLA,2,3,54,464
21,PUEBLA,2,3,54,465
21,PUEBLA,2,3,54,466
21,PUEBLA,2,3,54,467
21,PUEBLA,2,3,54,468
21,PUEBLA,2,3,54,469
21,PUEBLA,2,3,54,470
21,PUEBLA,2,3,54,471
21,PUEBLA,2,3,54,472
21,PUEBLA,2,3,54,473
21,PUEBLA,2,3,54,474
21,PUEBLA,2,3,54,475
21,PUEBLA,2,3,54,476
21,PUEBLA,2,3,54,477
21,PUEBLA,2,3,54,478
21,PUEBLA,2,3,54,479
21,PUEBLA,2,3,54,480
21,PUEBLA,2,3,54,481
21,PUEBLA,2,3,54,482
21,PUEBLA,2,3,54,483
21,PUEBLA,2,3,54,484
21,PUEBLA,2,3,54,485
21,PUEBLA,2,3,54,486
21,PUEBLA,2,3,54,487
21,PUEBLA,2,3,54,488
21,PUEBLA,2,3,85,712
21,PUEBLA,2,3,85,713
21,PUEBLA,2,3,85,714
21,PUEBLA,2,3,85,715
21,PUEBLA,2,3,85,716
21,PUEBLA,2,3,85,717
21,PUEBLA,2,3,85,718
21,PUEBLA,2,3,85,719
21,PUEBLA,2,3,85,720
21,PUEBLA,2,3,85,721
21,PUEBLA,2,3,85,722
21,PUEBLA,2,3,85,723
21,PUEBLA,2,3,85,724
21,PUEBLA,2,3,85,725
21,PUEBLA,2,3,85,726
21,PUEBLA,2,3,208,2460
21,PUEBLA,2,3,208,2461
21,PUEBLA,2,3,208,2462
21,PUEBLA,2,3,208,2463
21,PUEBLA,2,3,208,2464
21,PUEBLA,2,3,208,2465
21,PUEBLA,2,3,208,2466
21,PUEBLA,2,3,208,2467
21,PUEBLA,2,3,208,2468
21,PUEBLA,2,3,208,2469
21,PUEBLA,2,3,208,2470
21,PUEBLA,2,3,208,2471
21,PUEBLA,2,3,208,2472
21,PUEBLA,2,3,208,2473
21,PUEBLA,2,3,208,2474
21,PUEBLA,2,3,208,2475
21,PUEBLA,2,3,208,2476
21,PUEBLA,2,3,208,2477
21,PUEBLA,2,3,208,2478
21,PUEBLA,2,3,208,2479
21,PUEBLA,2,3,208,2480
21,PUEBLA,2,3,208,2481
21,PUEBLA,2,3,208,2482
21,PUEBLA,2,3,208,2483
21,PUEBLA,2,3,208,2484
21,PUEBLA,2,3,208,2485
21,PUEBLA,2,3,208,2486
21,PUEBLA,2,3,208,2487
21,PUEBLA,2,3,208,2488
21,PUEBLA,2,3,208,2489
21,PUEBLA,2,4,30,271
21,PUEBLA,2,4,30,272
21,PUEBLA,2,4,40,319
21,PUEBLA,2,4,40,320
21,PUEBLA,2,4,40,321
21,PUEBLA,2,4,40,322
21,PUEBLA,2,4,73,631
21,PUEBLA,2,4,73,632
21,PUEBLA,2,4,73,633
21,PUEBLA,2,4,73,634
21,PUEBLA,2,4,73,635
21,PUEBLA,2,4,73,636
21,PUEBLA,2,4,73,637
21,PUEBLA,2,4,73,638
21,PUEBLA,2,4,73,639
21,PUEBLA,2,4,79,693
21,PUEBLA,2,4,79,694
21,PUEBLA,2,4,79,695
21,PUEBLA,2,4,80,696
21,PUEBLA,2,4,80,697
21,PUEBLA,2,4,80,698
21,PUEBLA,2,4,80,699
21,PUEBLA,2,4,80,700
21,PUEBLA,2,4,82,704
21,PUEBLA,2,4,82,705
21,PUEBLA,2,4,86,727
21,PUEBLA,2,4,86,728
21,PUEBLA,2,4,86,729
21,PUEBLA,2,4,102,835
21,PUEBLA,2,4,102,836
21,PUEBLA,2,4,102,837
21,PUEBLA,2,4,108,867
21,PUEBLA,2,4,108,868
21,PUEBLA,2,4,108,869
21,PUEBLA,2,4,108,870
21,PUEBLA,2,4,108,871
21,PUEBLA,2,4,108,872
21,PUEBLA,2,4,108,873
21,PUEBLA,2,4,108,874
21,PUEBLA,2,4,166,2089
21,PUEBLA,2,4,166,2090
21,PUEBLA,2,4,166,2091
21,PUEBLA,2,4,166,2092
21,PUEBLA,2,4,166,2093
21,PUEBLA,2,4,166,2094
21,PUEBLA,2,4,171,2117
21,PUEBLA,2,4,171,2118
21,PUEBLA,2,4,171,2119
21,PUEBLA,2,4,171,2120
21,PUEBLA,2,4,171,2121
21,PUEBLA,2,4,171,2122
21,PUEBLA,2,4,171,2123
21,PUEBLA,2,4,171,2124
21,PUEBLA,2,4,171,2125
21,PUEBLA,2,4,171,2126
21,PUEBLA,2,4,171,2127
21,PUEBLA,2,4,171,2128
21,PUEBLA,2,4,171,2129
21,PUEBLA,2,4,171,2130
21,PUEBLA,2,4,171,2131
21,PUEBLA,2,4,200,2405
21,PUEBLA,2,4,200,2406
21,PUEBLA,2,4,202,2409
21,PUEBLA,2,4,202,2410
21,PUEBLA,2,4,202,2411
21,PUEBLA,2,4,202,2412
21,PUEBLA,2,4,210,2499
21,PUEBLA,2,4,210,2500
21,PUEBLA,2,4,210,2501
21,PUEBLA,2,4,212,2508
21,PUEBLA,2,4,212,2509
21,PUEBLA,2,4,212,2510
21,PUEBLA,2,4,212,2511
21,PUEBLA,2,4,212,2512
21,PUEBLA,2,4,212,2513
21,PUEBLA,2,4,212,2514
21,PUEBLA,2,4,212,2515
21,PUEBLA,2,4,212,2516
21,PUEBLA,2,4,212,2517
21,PUEBLA,2,4,212,2518
21,PUEBLA,2,4,212,2519
21,PUEBLA,2,4,215,2533
21,PUEBLA,2,4,215,2534
21,PUEBLA,2,5,90,776
21,PUEBLA,2,5,90,777
21,PUEBLA,2,5,90,778
21,PUEBLA,2,5,192,2326
21,PUEBLA,2,5,192,2327
21,PUEBLA,2,5,192,2328
21,PUEBLA,2,5,216,2535
21,PUEBLA,2,5,216,2536
21,PUEBLA,3,4,207,2433
21,PUEBLA,3,4,207,2434
21,PUEBLA,3,4,207,2435
21,PUEBLA,3,4,207,2436
21,PUEBLA,3,4,207,2437
21,PUEBLA,3,4,207,2438
21,PUEBLA,3,4,207,2439
21,PUEBLA,3,4,207,2440
21,PUEBLA,3,4,207,2441
21,PUEBLA,3,4,207,2442
21,PUEBLA,3,4,207,2443
21,PUEBLA,3,4,207,2444
21,PUEBLA,3,4,207,2445
21,PUEBLA,3,4,207,2446
21,PUEBLA,3,4,207,2447
21,PUEBLA,3,4,207,2448
21,PUEBLA,3,4,207,2449
21,PUEBLA,3,4,207,2450
21,PUEBLA,3,4,207,2451
21,PUEBLA,3,4,207,2452
21,PUEBLA,3,4,207,2453
21,PUEBLA,3,4,207,2454
21,PUEBLA,3,4,207,2455
21,PUEBLA,3,4,207,2456
21,PUEBLA,3,4,207,2457
21,PUEBLA,3,4,207,2458
21,PUEBLA,3,4,207,2459
21,PUEBLA,3,4,211,2502
21,PUEBLA,3,4,211,2503
21,PUEBLA,3,4,211,2504
21,PUEBLA,3,4,211,2505
21,PUEBLA,3,4,211,2506
21,PUEBLA,3,4,211,2507
21,PUEBLA,3,5,2,20
21,PUEBLA,3,5,2,21
21,PUEBLA,3,5,2,22
21,PUEBLA,3,5,2,23
21,PUEBLA,3,5,2,24
21,PUEBLA,3,5,2,25
21,PUEBLA,3,5,2,26
21,PUEBLA,3,5,2,27
21,PUEBLA,3,5,17,139
21,PUEBLA,3,5,17,140
21,PUEBLA,3,5,17,141
21,PUEBLA,3,5,17,142
21,PUEBLA,3,5,17,143
21,PUEBLA,3,5,17,144
21,PUEBLA,3,5,17,145
21,PUEBLA,3,5,17,146
21,PUEBLA,3,5,17,147
21,PUEBLA,3,5,25,241
21,PUEBLA,3,5,25,242
21,PUEBLA,3,5,25,243
21,PUEBLA,3,5,25,244
21,PUEBLA,3,5,44,344
21,PUEBLA,3,5,44,345
21,PUEBLA,3,5,44,346
21,PUEBLA,3,5,44,347
21,PUEBLA,3,5,44,348
21,PUEBLA,3,5,44,349
21,PUEBLA,3,5,44,350
21,PUEBLA,3,5,44,351
21,PUEBLA,3,5,44,352
21,PUEBLA,3,5,44,353
21,PUEBLA,3,5,44,354
21,PUEBLA,3,5,44,355
21,PUEBLA,3,5,44,356
21,PUEBLA,3,5,44,357
21,PUEBLA,3,5,44,358
21,PUEBLA,3,5,44,359
21,PUEBLA,3,5,44,360
21,PUEBLA,3,5,44,361
21,PUEBLA,3,5,44,362
21,PUEBLA,3,5,44,363
21,PUEBLA,3,5,77,673
21,PUEBLA,3,5,77,674
21,PUEBLA,3,5,77,675
21,PUEBLA,3,5,77,676
21,PUEBLA,3,5,77,677
21,PUEBLA,3,5,78,678
21,PUEBLA,3,5,78,679
21,PUEBLA,3,5,78,680
21,PUEBLA,3,5,78,681
21,PUEBLA,3,5,78,682
21,PUEBLA,3,5,78,683
21,PUEBLA,3,5,78,684
21,PUEBLA,3,5,78,685
21,PUEBLA,3,5,78,686
21,PUEBLA,3,5,78,687
21,PUEBLA,3,5,78,688
21,PUEBLA,3,5,78,689
21,PUEBLA,3,5,78,690
21,PUEBLA,3,5,78,691
21,PUEBLA,3,5,78,692
21,PUEBLA,3,5,157,2025
21,PUEBLA,3,5,157,2026
21,PUEBLA,3,5,157,2027
21,PUEBLA,3,5,157,2028
21,PUEBLA,3,5,157,2029
21,PUEBLA,3,5,157,2030
21,PUEBLA,3,5,157,2031
21,PUEBLA,3,5,157,2032
21,PUEBLA,3,5,172,2132
21,PUEBLA,3,5,172,2133
21,PUEBLA,3,5,186,2272
21,PUEBLA,3,5,186,2273
21,PUEBLA,3,5,186,2274
21,PUEBLA,3,5,186,2275
21,PUEBLA,3,5,186,2276
21,PUEBLA,3,5,186,2277
21,PUEBLA,3,5,186,2278
21,PUEBLA,3,5,186,2279
21,PUEBLA,3,5,186,2280
21,PUEBLA,3,5,186,2281
21,PUEBLA,3,5,186,2282
21,PUEBLA,3,5,186,2283
21,PUEBLA,3,5,186,2284
21,PUEBLA,3,5,186,2285
21,PUEBLA,3,5,186,2286
21,PUEBLA,3,5,186,2287
21,PUEBLA,3,5,186,2288
21,PUEBLA,3,5,186,2289
21,PUEBLA,3,5,186,2290
21,PUEBLA,3,5,186,2291
21,PUEBLA,3,5,186,2292
21,PUEBLA,3,5,186,2293
21,PUEBLA,3,5,186,2294
21,PUEBLA,3,5,204,2416
21,PUEBLA,3,5,204,2417
21,PUEBLA,3,5,204,2418
21,PUEBLA,3,5,204,2419
21,PUEBLA,3,6,55,489
21,PUEBLA,3,6,55,490
21,PUEBLA,3,6,55,491
21,PUEBLA,3,6,55,492
21,PUEBLA,3,6,55,493
21,PUEBLA,3,6,55,494
21,PUEBLA,3,6,55,495
21,PUEBLA,3,6,173,2134
21,PUEBLA,3,6,173,2135
21,PUEBLA,3,6,173,2136
21,PUEBLA,3,6,173,2137
21,PUEBLA,3,6,173,2138
21,PUEBLA,3,6,173,2139
21,PUEBLA,3,6,173,2140
21,PUEBLA,3,6,173,2141
21,PUEBLA,3,6,173,2142
21,PUEBLA,3,6,173,2143
21,PUEBLA,3,6,173,2144
21,PUEBLA,3,6,173,2145
21,PUEBLA,3,6,173,2146
21,PUEBLA,3,6,173,2147
21,PUEBLA,3,6,173,2148
21,PUEBLA,3,6,173,2149
21,PUEBLA,3,6,173,2150
21,PUEBLA,3,6,173,2151
21,PUEBLA,3,6,173,2152
21,PUEBLA,3,6,173,2153
21,PUEBLA,3,6,173,2154
21,PUEBLA,3,6,173,2155
21,PUEBLA,3,6,173,2156
21,PUEBLA,3,6,173,2157
21,PUEBLA,3,6,173,2158
21,PUEBLA,3,6,173,2159
21,PUEBLA,3,6,173,2160
21,PUEBLA,3,6,173,2161
21,PUEBLA,3,6,173,2162
21,PUEBLA,3,6,173,2163
21,PUEBLA,3,6,173,2164
21,PUEBLA,3,6,173,2165
21,PUEBLA,3,6,173,2166
21,PUEBLA,3,6,173,2167
21,PUEBLA,3,6,173,2168
21,PUEBLA,3,6,173,2169
21,PUEBLA,3,6,173,2170
21,PUEBLA,3,6,173,2171
21,PUEBLA,3,6,173,2172
21,PUEBLA,3,6,173,2173
21,PUEBLA,3,6,173,2174
21,PUEBLA,4,15,66,544
21,PUEBLA,4,15,66,545
21,PUEBLA,4,15,66,546
21,PUEBLA,4,15,66,547
21,PUEBLA,4,15,66,548
21,PUEBLA,4,15,66,549
21,PUEBLA,4,15,66,550
21,PUEBLA,4,15,111,897
21,PUEBLA,4,15,111,898
21,PUEBLA,4,15,111,899
21,PUEBLA,4,15,111,900
21,PUEBLA,4,15,111,901
21,PUEBLA,4,15,111,902
21,PUEBLA,4,15,111,903
21,PUEBLA,4,15,111,904
21,PUEBLA,4,15,111,905
21,PUEBLA,4,15,111,906
21,PUEBLA,4,15,111,907
21,PUEBLA,4,15,111,908
21,PUEBLA,4,15,111,909
21,PUEBLA,4,15,111,910
21,PUEBLA,4,15,111,911
21,PUEBLA,4,15,116,1610
21,PUEBLA,4,15,116,1611
21,PUEBLA,4,15,116,1612
21,PUEBLA,4,15,116,1613
21,PUEBLA,4,15,116,1614
21,PUEBLA,4,15,116,1615
21,PUEBLA,4,15,116,1616
21,PUEBLA,4,15,116,1617
21,PUEBLA,4,15,116,1618
21,PUEBLA,4,15,116,1619
21,PUEBLA,4,15,116,1620
21,PUEBLA,4,15,116,1621
21,PUEBLA,4,15,116,1622
21,PUEBLA,4,15,116,1623
21,PUEBLA,4,15,116,1624
21,PUEBLA,4,15,116,1625
21,PUEBLA,4,24,27,253
21,PUEBLA,4,24,27,254
21,PUEBLA,4,24,27,255
21,PUEBLA,4,24,27,256
21,PUEBLA,4,24,27,257
21,PUEBLA,4,24,27,258
21,PUEBLA,4,24,27,259
21,PUEBLA,4,24,209,2490
21,PUEBLA,4,24,209,2491
21,PUEBLA,4,24,209,2492
21,PUEBLA,4,24,209,2493
21,PUEBLA,4,24,209,2494
21,PUEBLA,4,24,209,2495
21,PUEBLA,4,24,209,2496
21,PUEBLA,4,24,209,2497
21,PUEBLA,4,24,209,2498
21,PUEBLA,4,25,29,262
21,PUEBLA,4,25,29,263
21,PUEBLA,4,25,29,264
21,PUEBLA,4,25,29,265
21,PUEBLA,4,25,29,266
21,PUEBLA,4,25,29,267
21,PUEBLA,4,25,29,268
21,PUEBLA,4,25,29,269
21,PUEBLA,4,25,29,270
21,PUEBLA,4,25,47,395
21,PUEBLA,4,25,47,396
21,PUEBLA,4,25,47,397
21,PUEBLA,4,25,104,842
21,PUEBLA,4,25,104,843
21,PUEBLA,4,25,104,844
21,PUEBLA,4,25,104,845
21,PUEBLA,4,26,10,80
21,PUEBLA,4,26,10,81
21,PUEBLA,4,26,10,82
21,PUEBLA,4,26,10,83
21,PUEBLA,4,26,10,84
21,PUEBLA,4,26,10,85
21,PUEBLA,4,26,10,86
21,PUEBLA,4,26,10,87
21,PUEBLA,4,26,10,88
21,PUEBLA,4,26,10,89
21,PUEBLA,4,26,10,90
21,PUEBLA,4,26,10,91
21,PUEBLA,4,26,10,92
21,PUEBLA,4,26,10,93
21,PUEBLA,4,26,10,94
21,PUEBLA,4,26,10,95
21,PUEBLA,4,26,10,96
21,PUEBLA,4,26,10,97
21,PUEBLA,4,26,10,98
21,PUEBLA,4,26,10,99
21,PUEBLA,4,26,10,100
21,PUEBLA,4,26,10,101
21,PUEBLA,4,26,13,107
21,PUEBLA,4,26,13,108
21,PUEBLA,4,26,13,109
21,PUEBLA,4,26,13,110
21,PUEBLA,4,26,13,111
21,PUEBLA,4,26,13,112
21,PUEBLA,4,26,36,294
21,PUEBLA,4,26,36,295
21,PUEBLA,4,26,36,296
21,PUEBLA,4,26,36,297
21,PUEBLA,4,26,36,298
21,PUEBLA,4,26,36,299
21,PUEBLA,4,26,36,300
21,PUEBLA,4,26,36,301
21,PUEBLA,4,26,36,302
21,PUEBLA,4,26,36,303
21,PUEBLA,4,26,36,304
21,PUEBLA,4,26,36,305
21,PUEBLA,4,26,37,306
21,PUEBLA,4,26,37,307
21,PUEBLA,4,26,37,308
21,PUEBLA,4,26,37,309
21,PUEBLA,4,26,37,310
21,PUEBLA,4,26,37,311
21,PUEBLA,4,26,37,312
21,PUEBLA,4,26,37,313
21,PUEBLA,4,26,62,518
21,PUEBLA,4,26,62,519
21,PUEBLA,4,26,62,520
21,PUEBLA,4,26,62,521
21,PUEBLA,4,26,62,522
21,PUEBLA,4,26,62,523
21,PUEBLA,4,26,121,1672
21,PUEBLA,4,26,121,1673
21,PUEBLA,4,26,125,1685
21,PUEBLA,4,26,125,1686
21,PUEBLA,4,26,125,1687
21,PUEBLA,4,26,125,1688
21,PUEBLA,4,26,125,1689
21,PUEBLA,4,26,125,1690
21,PUEBLA,4,26,130,1708
21,PUEBLA,4,26,130,1709
21,PUEBLA,4,26,130,1710
21,PUEBLA,4,26,130,1711
21,PUEBLA,4,26,130,1712
21,PUEBLA,4,26,130,1713
21,PUEBLA,4,26,130,1714
21,PUEBLA,4,26,177,2201
21,PUEBLA,4,26,177,2202
21,PUEBLA,4,26,177,2203
21,PUEBLA,4,26,177,2204
21,PUEBLA,4,26,177,2205
21,PUEBLA,4,26,177,2206
21,PUEBLA,4,26,177,2207
21,PUEBLA,4,26,177,2208
21,PUEBLA,4,26,195,2349
21,PUEBLA,4,26,195,2350
21,PUEBLA,4,26,195,2351
21,PUEBLA,4,26,195,2352
21,PUEBLA,4,26,195,2353
21,PUEBLA,4,26,195,2354
21,PUEBLA,4,26,195,2355
21,PUEBLA,4,26,195,2356
21,PUEBLA,4,26,195,2357
21,PUEBLA,4,26,195,2358
21,PUEBLA,4,26,195,2359
21,PUEBLA,4,26,214,2527
21,PUEBLA,4,26,214,2528
21,PUEBLA,4,26,214,2529
21,PUEBLA,4,26,214,2530
21,PUEBLA,4,26,214,2531
21,PUEBLA,4,26,214,2532
21,PUEBLA,4,26,217,2537
21,PUEBLA,4,26,217,2538
21,PUEBLA,4,26,217,2539
21,PUEBLA,4,26,217,2540
21,PUEBLA,4,26,217,2541
21,PUEBLA,4,26,217,2542
21,PUEBLA,4,26,217,2543
21,PUEBLA,4,26,217,2544
21,PUEBLA,4,26,217,2545
21,PUEBLA,4,26,217,2546
21,PUEBLA,4,26,217,2547
21,PUEBLA,4,26,217,2548
21,PUEBLA,5,7,133,1720
21,PUEBLA,5,7,133,1721
21,PUEBLA,5,7,133,1722
21,PUEBLA,5,7,133,1723
21,PUEBLA,5,7,133,1724
21,PUEBLA,5,7,133,1725
21,PUEBLA,5,7,133,1726
21,PUEBLA,5,7,133,1727
21,PUEBLA,5,7,133,1728
21,PUEBLA,5,7,133,1729
21,PUEBLA,5,7,133,1730
21,PUEBLA,5,7,133,1731
21,PUEBLA,5,7,133,1732
21,PUEBLA,5,7,133,1733
21,PUEBLA,5,7,133,1734
21,PUEBLA,5,7,133,1735
21,PUEBLA,5,7,133,1736
21,PUEBLA,5,7,133,1737
21,PUEBLA,5,7,133,1738
21,PUEBLA,5,7,133,1739
21,PUEBLA,5,7,133,1740
21,PUEBLA,5,7,133,1741
21,PUEBLA,5,7,133,1742
21,PUEBLA,5,7,133,1743
21,PUEBLA,5,7,133,1744
21,PUEBLA,5,7,133,1745
21,PUEBLA,5,7,133,1746
21,PUEBLA,5,7,133,1747
21,PUEBLA,5,7,133,1748
21,PUEBLA,5,7,133,1749
21,PUEBLA,5,7,133,1750
21,PUEBLA,5,7,133,1751
21,PUEBLA,5,7,133,1752
21,PUEBLA,5,7,133,1753
21,PUEBLA,5,7,133,1754
21,PUEBLA,5,7,133,1755
21,PUEBLA,5,7,133,1756
21,PUEBLA,5,7,133,1757
21,PUEBLA,5,7,133,1758
21,PUEBLA,5,7,133,1759
21,PUEBLA,5,7,133,1760
21,PUEBLA,5,7,133,1761
21,PUEBLA,5,7,133,1762
21,PUEBLA,5,7,133,1763
21,PUEBLA,5,7,133,1764
21,PUEBLA,5,7,133,1765
21,PUEBLA,5,7,133,1766
21,PUEBLA,5,7,133,1767
21,PUEBLA,5,7,133,1768
21,PUEBLA,5,7,133,1769
21,PUEBLA,5,7,133,1770
21,PUEBLA,5,7,133,1771
21,PUEBLA,5,7,133,1772
21,PUEBLA,5,7,133,1773
21,PUEBLA,5,7,135,1775
21,PUEBLA,5,7,135,1776
21,PUEBLA,5,7,135,1777
21,PUEBLA,5,7,135,1778
21,PUEBLA,5,7,135,1779
21,PUEBLA,5,7,135,1780
21,PUEBLA,5,7,135,1781
21,PUEBLA,5,7,135,1782
21,PUEBLA,5,7,135,1783
21,PUEBLA,5,7,144,1858
21,PUEBLA,5,7,144,1859
21,PUEBLA,5,7,144,1860
21,PUEBLA,5,7,144,1861
21,PUEBLA,5,7,144,1862
21,PUEBLA,5,7,144,1863
21,PUEBLA,5,7,144,1864
21,PUEBLA,5,7,144,1865
21,PUEBLA,5,7,144,1866
21,PUEBLA,5,7,144,1867
21,PUEBLA,5,7,180,2233
21,PUEBLA,5,7,180,2234
21,PUEBLA,5,7,180,2235
21,PUEBLA,5,7,180,2236
21,PUEBLA,5,7,180,2237
21,PUEBLA,5,7,180,2238
21,PUEBLA,5,7,180,2239
21,PUEBLA,5,7,180,2240
21,PUEBLA,5,7,180,2241
21,PUEBLA,5,7,180,2242
21,PUEBLA,5,7,180,2243
21,PUEBLA,5,7,180,2244
21,PUEBLA,5,7,180,2245
21,PUEBLA,5,7,180,2246
21,PUEBLA,5,7,180,2247
21,PUEBLA,5,8,26,245
21,PUEBLA,5,8,26,246
21,PUEBLA,5,8,26,247
21,PUEBLA,5,8,26,248
21,PUEBLA,5,8,26,249
21,PUEBLA,5,8,26,250
21,PUEBLA,5,8,26,251
21,PUEBLA,5,8,26,252
21,PUEBLA,5,8,49,415
21,PUEBLA,5,8,49,416
21,PUEBLA,5,8,49,417
21,PUEBLA,5,8,49,418
21,PUEBLA,5,8,49,419
21,PUEBLA,5,8,49,420
21,PUEBLA,5,8,49,421
21,PUEBLA,5,8,49,422
21,PUEBLA,5,8,61,515
21,PUEBLA,5,8,61,516
21,PUEBLA,5,8,61,517
21,PUEBLA,5,8,76,651
21,PUEBLA,5,8,76,652
21,PUEBLA,5,8,76,653
21,PUEBLA,5,8,76,654
21,PUEBLA,5,8,76,655
21,PUEBLA,5,8,76,656
21,PUEBLA,5,8,76,657
21,PUEBLA,5,8,76,658
21,PUEBLA,5,8,76,659
21,PUEBLA,5,8,76,660
21,PUEBLA,5,8,76,661
21,PUEBLA,5,8,76,662
21,PUEBLA,5,8,76,663
21,PUEBLA,5,8,76,664
21,PUEBLA,5,8,76,665
21,PUEBLA,5,8,76,666
21,PUEBLA,5,8,76,667
21,PUEBLA,5,8,76,668
21,PUEBLA,5,8,76,669
21,PUEBLA,5,8,76,670
21,PUEBLA,5,8,76,671
21,PUEBLA,5,8,76,672
21,PUEBLA,5,8,103,838
21,PUEBLA,5,8,103,839
21,PUEBLA,5,8,103,840
21,PUEBLA,5,8,103,841
21,PUEBLA,5,8,123,1677
21,PUEBLA,5,8,123,1678
21,PUEBLA,5,8,123,1679
21,PUEBLA,5,8,123,1680
21,PUEBLA,5,8,123,1681
21,PUEBLA,5,8,137,1785
21,PUEBLA,5,8,137,1786
21,PUEBLA,5,8,137,1787
21,PUEBLA,5,8,137,1788
21,PUEBLA,5,8,139,1793
21,PUEBLA,5,8,139,1794
21,PUEBLA,5,8,139,1795
21,PUEBLA,5,8,139,1796
21,PUEBLA,5,8,139,1797
21,PUEBLA,5,8,181,2248
21,PUEBLA,5,8,181,2249
21,PUEBLA,5,8,181,2250
21,PUEBLA,6,10,115,1304
21,PUEBLA,6,10,115,1320
21,PUEBLA,6,10,115,1327
21,PUEBLA,6,10,115,1331
21,PUEBLA,6,10,115,1332
21,PUEBLA,6,10,115,1333
21,PUEBLA,6,10,115,1334
21,PUEBLA,6,10,115,1335
21,PUEBLA,6,10,115,1336
21,PUEBLA,6,10,115,1337
21,PUEBLA,6,10,115,1343
21,PUEBLA,6,10,115,1344
21,PUEBLA,6,10,115,1345
21,PUEBLA,6,10,115,1346
21,PUEBLA,6,10,115,1347
21,PUEBLA,6,10,115,1352
21,PUEBLA,6,10,115,1353
21,PUEBLA,6,10,115,1360
21,PUEBLA,6,10,115,1361
21,PUEBLA,6,10,115,1362
21,PUEBLA,6,10,115,1363
21,PUEBLA,6,10,115,1364
21,PUEBLA,6,10,115,1370
21,PUEBLA,6,10,115,1376
21,PUEBLA,6,10,115,1377
21,PUEBLA,6,10,115,1381
21,PUEBLA,6,10,115,1382
21,PUEBLA,6,10,115,1387
21,PUEBLA,6,10,115,1388
21,PUEBLA,6,10,115,1389
21,PUEBLA,6,10,115,1390
21,PUEBLA,6,10,115,1391
21,PUEBLA,6,10,115,1408
21,PUEBLA,6,10,115,2622
21,PUEBLA,6,10,115,2623
21,PUEBLA,6,10,115,2624
21,PUEBLA,6,10,115,2626
21,PUEBLA,6,10,115,2627
21,PUEBLA,6,10,115,2628
21,PUEBLA,6,10,115,2629
21,PUEBLA,6,10,115,2630
21,PUEBLA,6,10,115,2631
21,PUEBLA,6,10,115,2632
21,PUEBLA,6,11,115,1355
21,PUEBLA,6,11,115,1356
21,PUEBLA,6,11,115,1357
21,PUEBLA,6,11,115,1358
21,PUEBLA,6,11,115,1359
21,PUEBLA,6,11,115,1371
21,PUEBLA,6,11,115,1372
21,PUEBLA,6,11,115,1373
21,PUEBLA,6,11,115,1374
21,PUEBLA,6,11,115,1375
21,PUEBLA,6,11,115,1383
21,PUEBLA,6,11,115,1384
21,PUEBLA,6,11,115,1385
21,PUEBLA,6,11,115,1386
21,PUEBLA,6,11,115,1396
21,PUEBLA,6,11,115,1397
21,PUEBLA,6,11,115,1398
21,PUEBLA,6,11,115,1399
21,PUEBLA,6,11,115,1400
21,PUEBLA,6,11,115,1401
21,PUEBLA,6,11,115,1402
21,PUEBLA,6,11,115,1403
21,PUEBLA,6,11,115,1404
21,PUEBLA,6,11,115,1405
21,PUEBLA,6,11,115,1409
21,PUEBLA,6,11,115,1410
21,PUEBLA,6,11,115,1411
21,PUEBLA,6,11,115,1412
21,PUEBLA,6,11,115,1413
21,PUEBLA,6,11,115,1414
21,PUEBLA,6,11,115,1415
21,PUEBLA,6,11,115,1416
21,PUEBLA,6,11,115,1417
21,PUEBLA,6,11,115,1418
21,PUEBLA,6,11,115,1419
21,PUEBLA,6,11,115,1420
21,PUEBLA,6,11,115,1421
21,PUEBLA,6,11,115,1422
21,PUEBLA,6,11,115,1572
21,PUEBLA,6,11,115,1573
21,PUEBLA,6,11,115,1574
21,PUEBLA,6,11,115,1575
21,PUEBLA,6,11,115,1576
21,PUEBLA,6,11,115,1586
21,PUEBLA,6,11,115,1587
21,PUEBLA,6,11,115,1596
21,PUEBLA,6,11,115,1597
21,PUEBLA,6,11,115,1601
21,PUEBLA,6,16,115,1302
21,PUEBLA,6,16,115,1303
21,PUEBLA,6,16,115,1318
21,PUEBLA,6,16,115,1319
21,PUEBLA,6,16,115,1338
21,PUEBLA,6,16,115,1339
21,PUEBLA,6,16,115,1340
21,PUEBLA,6,16,115,1341
21,PUEBLA,6,16,115,1342
21,PUEBLA,6,16,115,1354
21,PUEBLA,6,16,115,1491
21,PUEBLA,6,16,115,1541
21,PUEBLA,6,16,115,1542
21,PUEBLA,6,16,115,1543
21,PUEBLA,6,16,115,1544
21,PUEBLA,6,16,115,1545
21,PUEBLA,6,16,115,1546
21,PUEBLA,6,16,115,1547
21,PUEBLA,6,16,115,1548
21,PUEBLA,6,16,115,1549
21,PUEBLA,6,16,115,1550
21,PUEBLA,6,16,115,1551
21,PUEBLA,6,16,115,1568
21,PUEBLA,6,16,115,1569
21,PUEBLA,6,16,115,1570
21,PUEBLA,6,16,115,1571
21,PUEBLA,6,16,115,1577
21,PUEBLA,6,16,115,1578
21,PUEBLA,6,16,115,1579
21,PUEBLA,6,16,115,1580
21,PUEBLA,6,16,115,1581
21,PUEBLA,6,16,115,1583
21,PUEBLA,6,16,115,1584
21,PUEBLA,6,16,115,1585
21,PUEBLA,6,16,115,1588
21,PUEBLA,6,16,115,1595
21,PUEBLA,7,12,1,1
21,PUEBLA,7,12,1,2
21,PUEBLA,7,12,1,3
21,PUEBLA,7,12,1,4
21,PUEBLA,7,12,1,5
21,PUEBLA,7,12,1,6
21,PUEBLA,7,12,1,7
21,PUEBLA,7,12,1,8
21,PUEBLA,7,12,1,9
21,PUEBLA,7,12,1,10
21,PUEBLA,7,12,1,11
21,PUEBLA,7,12,1,12
21,PUEBLA,7,12,1,13
21,PUEBLA,7,12,1,14
21,PUEBLA,7,12,1,15
21,PUEBLA,7,12,1,16
21,PUEBLA,7,12,1,17
21,PUEBLA,7,12,1,18
21,PUEBLA,7,12,1,19
21,PUEBLA,7,12,15,116
21,PUEBLA,7,12,15,117
21,PUEBLA,7,12,15,118
21,PUEBLA,7,12,15,119
21,PUEBLA,7,12,15,120
21,PUEBLA,7,12,15,121
21,PUEBLA,7,12,15,122
21,PUEBLA,7,12,15,123
21,PUEBLA,7,12,15,124
21,PUEBLA,7,12,15,125
21,PUEBLA,7,12,15,126
21,PUEBLA,7,12,15,127
21,PUEBLA,7,12,15,128
21,PUEBLA,7,12,15,129
21,PUEBLA,7,12,15,130
21,PUEBLA,7,12,15,131
21,PUEBLA,7,12,15,132
21,PUEBLA,7,12,15,133
21,PUEBLA,7,12,41,323
21,PUEBLA,7,12,41,324
21,PUEBLA,7,12,99,823
21,PUEBLA,7,12,99,824
21,PUEBLA,7,12,115,2550
21,PUEBLA,7,12,152,1897
21,PUEBLA,7,12,152,1898
21,PUEBLA,7,12,152,1899
21,PUEBLA,7,12,152,1900
21,PUEBLA,7,12,152,1901
21,PUEBLA,7,12,152,1902
21,PUEBLA,7,12,152,1903
21,PUEBLA,7,12,152,1904
21,PUEBLA,7,12,152,1905
21,PUEBLA,7,12,162,2051
21,PUEBLA,7,12,162,2052
21,PUEBLA,7,12,162,2053
21,PUEBLA,7,12,162,2054
21,PUEBLA,7,12,162,2055
21,PUEBLA,7,12,162,2056
21,PUEBLA,7,12,162,2057
21,PUEBLA,7,13,4,45
21,PUEBLA,7,13,4,46
21,PUEBLA,7,13,4,47
21,PUEBLA,7,13,4,48
21,PUEBLA,7,13,4,49
21,PUEBLA,7,13,4,50
21,PUEBLA,7,13,4,51
21,PUEBLA,7,13,4,52
21,PUEBLA,7,13,4,53
21,PUEBLA,7,13,4,54
21,PUEBLA,7,13,4,55
21,PUEBLA,7,13,4,56
21,PUEBLA,7,13,4,57
21,PUEBLA,7,13,4,58
21,PUEBLA,7,13,4,59
21,PUEBLA,7,13,4,60
21,PUEBLA,7,13,39,317
21,PUEBLA,7,13,39,318
21,PUEBLA,7,13,105,846
21,PUEBLA,7,13,105,847
21,PUEBLA,7,13,105,848
21,PUEBLA,7,13,105,850
21,PUEBLA,7,13,105,851
21,PUEBLA,7,13,105,852
21,PUEBLA,7,13,105,853
21,PUEBLA,7,13,119,1643
21,PUEBLA,7,13,119,1644
21,PUEBLA,7,13,119,1645
21,PUEBLA,7,13,119,1646
21,PUEBLA,7,13,119,1647
21,PUEBLA,7,13,119,1648
21,PUEBLA,7,13,119,1649
21,PUEBLA,7,13,119,1650
21,PUEBLA,7,13,151,1891
21,PUEBLA,7,13,151,1892
21,PUEBLA,7,13,151,1893
21,PUEBLA,7,13,151,1894
21,PUEBLA,7,13,151,1895
21,PUEBLA,7,13,151,1896
21,PUEBLA,7,13,163,2058
21,PUEBLA,7,13,163,2059
21,PUEBLA,7,13,163,2060
21,PUEBLA,7,13,163,2061
21,PUEBLA,7,13,163,2062
21,PUEBLA,7,13,163,2063
21,PUEBLA,7,13,163,2064
21,PUEBLA,7,13,163,2065
21,PUEBLA,7,13,163,2066
21,PUEBLA,7,13,163,2067
21,PUEBLA,7,13,163,2068
21,PUEBLA,7,13,163,2069
21,PUEBLA,7,13,163,2070
21,PUEBLA,7,13,163,2071
21,PUEBLA,7,13,163,2072
21,PUEBLA,7,13,163,2073
21,PUEBLA,7,13,163,2074
21,PUEBLA,7,13,163,2075
21,PUEBLA,7,13,163,2076
21,PUEBLA,7,13,163,2077
21,PUEBLA,7,13,163,2078
21,PUEBLA,7,13,163,2079
21,PUEBLA,7,13,163,2080
21,PUEBLA,7,13,163,2081
21,PUEBLA,8,3,96,809
21,PUEBLA,8,3,96,810
21,PUEBLA,8,3,96,811
21,PUEBLA,8,3,96,812
21,PUEBLA,8,3,96,813
21,PUEBLA,8,3,96,814
21,PUEBLA,8,3,96,815
21,PUEBLA,8,3,96,816
21,PUEBLA,8,3,96,817
21,PUEBLA,8,3,96,818
21,PUEBLA,8,3,96,819
21,PUEBLA,8,3,106,854
21,PUEBLA,8,3,106,855
21,PUEBLA,8,3,106,856
21,PUEBLA,8,6,45,364
21,PUEBLA,8,6,45,365
21,PUEBLA,8,6,45,366
21,PUEBLA,8,6,45,367
21,PUEBLA,8,6,45,368
21,PUEBLA,8,6,45,369
21,PUEBLA,8,6,45,370
21,PUEBLA,8,6,68,555
21,PUEBLA,8,6,68,556
21,PUEBLA,8,6,68,557
21,PUEBLA,8,6,68,558
21,PUEBLA,8,6,68,559
21,PUEBLA,8,6,68,560
21,PUEBLA,8,6,68,561
21,PUEBLA,8,6,68,562
21,PUEBLA,8,6,68,563
21,PUEBLA,8,6,68,564
21,PUEBLA,8,6,95,801
21,PUEBLA,8,6,95,802
21,PUEBLA,8,6,95,803
21,PUEBLA,8,6,95,804
21,PUEBLA,8,6,95,805
21,PUEBLA,8,6,95,806
21,PUEBLA,8,6,95,807
21,PUEBLA,8,6,95,808
21,PUEBLA,8,6,169,2109
21,PUEBLA,8,6,169,2110
21,PUEBLA,8,6,169,2111
21,PUEBLA,8,6,169,2112
21,PUEBLA,8,6,169,2113
21,PUEBLA,8,6,169,2114
21,PUEBLA,8,6,169,2115
21,PUEBLA,8,6,199,2393
21,PUEBLA,8,6,199,2394
21,PUEBLA,8,6,199,2395
21,PUEBLA,8,6,199,2396
21,PUEBLA,8,6,199,2397
21,PUEBLA,8,6,199,2398
21,PUEBLA,8,6,199,2399
21,PUEBLA,8,6,199,2400
21,PUEBLA,8,6,199,2401
21,PUEBLA,8,6,199,2402
21,PUEBLA,8,6,199,2403
21,PUEBLA,8,6,199,2404
21,PUEBLA,8,13,98,821
21,PUEBLA,8,13,98,822
21,PUEBLA,8,13,118,1636
21,PUEBLA,8,13,118,1637
21,PUEBLA,8,13,118,1638
21,PUEBLA,8,13,118,1639
21,PUEBLA,8,13,118,1640
21,PUEBLA,8,13,118,1641
21,PUEBLA,8,13,118,1642
21,PUEBLA,8,13,129,1702
21,PUEBLA,8,13,129,1703
21,PUEBLA,8,13,129,1704
21,PUEBLA,8,13,129,1705
21,PUEBLA,8,13,129,1706
21,PUEBLA,8,13,129,1707
21,PUEBLA,8,14,12,103
21,PUEBLA,8,14,12,104
21,PUEBLA,8,14,12,105
21,PUEBLA,8,14,12,106
21,PUEBLA,8,14,23,234
21,PUEBLA,8,14,23,235
21,PUEBLA,8,14,23,236
21,PUEBLA,8,14,23,237
21,PUEBLA,8,14,23,238
21,PUEBLA,8,14,46,371
21,PUEBLA,8,14,46,372
21,PUEBLA,8,14,46,373
21,PUEBLA,8,14,46,374
21,PUEBLA,8,14,46,375
21,PUEBLA,8,14,46,376
21,PUEBLA,8,14,46,377
21,PUEBLA,8,14,46,378
21,PUEBLA,8,14,46,379
21,PUEBLA,8,14,46,380
21,PUEBLA,8,14,46,381
21,PUEBLA,8,14,46,382
21,PUEBLA,8,14,46,383
21,PUEBLA,8,14,46,384
21,PUEBLA,8,14,46,385
21,PUEBLA,8,14,46,386
21,PUEBLA,8,14,46,387
21,PUEBLA,8,14,46,388
21,PUEBLA,8,14,46,389
21,PUEBLA,8,14,46,390
21,PUEBLA,8,14,46,391
21,PUEBLA,8,14,46,392
21,PUEBLA,8,14,46,393
21,PUEBLA,8,14,46,394
21,PUEBLA,8,14,51,430
21,PUEBLA,8,14,51,431
21,PUEBLA,8,14,51,432
21,PUEBLA,8,14,51,433
21,PUEBLA,8,14,51,434
21,PUEBLA,8,14,51,435
21,PUEBLA,8,14,51,436
21,PUEBLA,8,14,51,437
21,PUEBLA,8,14,51,438
21,PUEBLA,8,14,59,505
21,PUEBLA,8,14,59,506
21,PUEBLA,8,14,59,507
21,PUEBLA,8,14,59,508
21,PUEBLA,8,14,59,509
21,PUEBLA,8,14,59,510
21,PUEBLA,8,14,59,511
21,PUEBLA,8,14,64,526
21,PUEBLA,8,14,64,527
21,PUEBLA,8,14,64,528
21,PUEBLA,8,14,64,529
21,PUEBLA,8,14,64,530
21,PUEBLA,8,14,64,531
21,PUEBLA,8,14,64,532
21,PUEBLA,8,14,64,533
21,PUEBLA,8,14,64,534
21,PUEBLA,8,14,109,875
21,PUEBLA,8,14,109,876
21,PUEBLA,8,14,109,877
21,PUEBLA,8,14,109,878
21,PUEBLA,8,14,109,879
21,PUEBLA,8,14,109,880
21,PUEBLA,8,14,109,881
21,PUEBLA,8,14,109,882
21,PUEBLA,8,14,117,1626
21,PUEBLA,8,14,117,1627
21,PUEBLA,8,14,117,1628
21,PUEBLA,8,14,117,1629
21,PUEBLA,8,14,117,1630
21,PUEBLA,8,14,117,1631
21,PUEBLA,8,14,117,1632
21,PUEBLA,8,14,117,1633
21,PUEBLA,8,14,117,1634
21,PUEBLA,8,14,117,1635
21,PUEBLA,8,14,131,1715
21,PUEBLA,8,14,131,1716
21,PUEBLA,8,14,131,1717
21,PUEBLA,8,14,131,1718
21,PUEBLA,8,14,138,1789
21,PUEBLA,8,14,138,1790
21,PUEBLA,8,14,138,1791
21,PUEBLA,8,14,138,1792
21,PUEBLA,8,14,143,1848
21,PUEBLA,8,14,143,1849
21,PUEBLA,8,14,143,1850
21,PUEBLA,8,14,143,1851
21,PUEBLA,8,14,143,1852
21,PUEBLA,8,14,143,1853
21,PUEBLA,8,14,143,1854
21,PUEBLA,8,14,143,1855
21,PUEBLA,8,14,143,1856
21,PUEBLA,8,14,143,1857
21,PUEBLA,8,14,179,2219
21,PUEBLA,8,14,179,2220
21,PUEBLA,8,14,179,2221
21,PUEBLA,8,14,179,2222
21,PUEBLA,8,14,179,2223
21,PUEBLA,8,14,179,2224
21,PUEBLA,8,14,179,2225
21,PUEBLA,8,14,179,2226
21,PUEBLA,8,14,179,2227
21,PUEBLA,8,14,179,2228
21,PUEBLA,8,14,179,2229
21,PUEBLA,8,14,179,2230
21,PUEBLA,8,14,179,2231
21,PUEBLA,8,14,179,2232
21,PUEBLA,9,9,42,2549
21,PUEBLA,9,9,115,946
21,PUEBLA,9,9,115,947
21,PUEBLA,9,9,115,948
21,PUEBLA,9,9,115,949
21,PUEBLA,9,9,115,950
21,PUEBLA,9,9,115,951
21,PUEBLA,9,9,115,952
21,PUEBLA,9,9,115,953
21,PUEBLA,9,9,115,954
21,PUEBLA,9,9,115,974
21,PUEBLA,9,9,115,975
21,PUEBLA,9,9,115,976
21,PUEBLA,9,9,115,977
21,PUEBLA,9,9,115,978
21,PUEBLA,9,9,115,979
21,PUEBLA,9,9,115,980
21,PUEBLA,9,9,115,1004
21,PUEBLA,9,9,115,1005
21,PUEBLA,9,9,115,1006
21,PUEBLA,9,9,115,1007
21,PUEBLA,9,9,115,1008
21,PUEBLA,9,9,115,1009
21,PUEBLA,9,9,115,1010
21,PUEBLA,9,9,115,1011
21,PUEBLA,9,9,115,1027
21,PUEBLA,9,9,115,1028
21,PUEBLA,9,9,115,1029
21,PUEBLA,9,9,115,1030
21,PUEBLA,9,9,115,1031
21,PUEBLA,9,9,115,1032
21,PUEBLA,9,9,115,1033
21,PUEBLA,9,9,115,1044
21,PUEBLA,9,9,115,1045
21,PUEBLA,9,9,115,1046
21,PUEBLA,9,9,115,1047
21,PUEBLA,9,9,115,1048
21,PUEBLA,9,9,115,1049
21,PUEBLA,9,9,115,1050
21,PUEBLA,9,9,115,1051
21,PUEBLA,9,9,115,1052
21,PUEBLA,9,9,115,1053
21,PUEBLA,9,9,115,1055
21,PUEBLA,9,9,115,1056
21,PUEBLA,9,9,115,1057
21,PUEBLA,9,9,115,1058
21,PUEBLA,9,9,115,1059
21,PUEBLA,9,9,115,1060
21,PUEBLA,9,9,115,1061
21,PUEBLA,9,9,115,1062
21,PUEBLA,9,9,115,1069
21,PUEBLA,9,9,115,1070
21,PUEBLA,9,9,115,1071
21,PUEBLA,9,9,115,1079
21,PUEBLA,9,9,115,1092
21,PUEBLA,9,9,115,1093
21,PUEBLA,9,9,115,1094
21,PUEBLA,9,9,115,1095
21,PUEBLA,9,9,115,1096
21,PUEBLA,9,9,115,1128
21,PUEBLA,9,10,115,1041
21,PUEBLA,9,10,115,1042
21,PUEBLA,9,10,115,1043
21,PUEBLA,9,10,115,1054
21,PUEBLA,9,10,115,1063
21,PUEBLA,9,10,115,1064
21,PUEBLA,9,10,115,1065
21,PUEBLA,9,10,115,1066
21,PUEBLA,9,10,115,1067
21,PUEBLA,9,10,115,1068
21,PUEBLA,9,10,115,1072
21,PUEBLA,9,10,115,1073
21,PUEBLA,9,10,115,1074
21,PUEBLA,9,10,115,1075
21,PUEBLA,9,10,115,1076
21,PUEBLA,9,10,115,1077
21,PUEBLA,9,10,115,1078
21,PUEBLA,9,10,115,1310
21,PUEBLA,9,10,115,1328
21,PUEBLA,9,10,115,1329
21,PUEBLA,9,10,115,1330
21,PUEBLA,9,10,115,1348
21,PUEBLA,9,10,115,1349
21,PUEBLA,9,10,115,1350
21,PUEBLA,9,10,115,1351
21,PUEBLA,9,10,115,1365
21,PUEBLA,9,10,115,1366
21,PUEBLA,9,10,115,1367
21,PUEBLA,9,10,115,1368
21,PUEBLA,9,10,115,1369
21,PUEBLA,9,10,115,1378
21,PUEBLA,9,10,115,1379
21,PUEBLA,9,10,115,1380
21,PUEBLA,9,10,115,1392
21,PUEBLA,9,10,115,1393
21,PUEBLA,9,10,115,1394
21,PUEBLA,9,10,115,1395
21,PUEBLA,9,10,115,1406
21,PUEBLA,9,10,115,2625
21,PUEBLA,9,17,115,938
21,PUEBLA,9,17,115,939
21,PUEBLA,9,17,115,940
21,PUEBLA,9,17,115,941
21,PUEBLA,9,17,115,942
21,PUEBLA,9,17,115,943
21,PUEBLA,9,17,115,944
21,PUEBLA,9,17,115,945
21,PUEBLA,9,17,115,955
21,PUEBLA,9,17,115,956
21,PUEBLA,9,17,115,957
21,PUEBLA,9,17,115,958
21,PUEBLA,9,17,115,959
21,PUEBLA,9,17,115,960
21,PUEBLA,9,17,115,961
21,PUEBLA,9,17,115,962
21,PUEBLA,9,17,115,963
21,PUEBLA,9,17,115,964
21,PUEBLA,9,17,115,972
21,PUEBLA,9,17,115,973
21,PUEBLA,9,17,115,981
21,PUEBLA,9,17,115,982
21,PUEBLA,9,17,115,983
21,PUEBLA,9,17,115,984
21,PUEBLA,9,17,115,985
21,PUEBLA,9,17,115,986
21,PUEBLA,9,17,115,993
21,PUEBLA,9,17,115,994
21,PUEBLA,9,17,115,995
21,PUEBLA,9,17,115,996
21,PUEBLA,9,17,115,997
21,PUEBLA,9,17,115,998
21,PUEBLA,9,17,115,999
21,PUEBLA,9,17,115,1000
21,PUEBLA,9,17,115,1001
21,PUEBLA,9,17,115,1002
21,PUEBLA,9,17,115,1003
21,PUEBLA,9,17,115,1012
21,PUEBLA,9,17,115,1013
21,PUEBLA,9,17,115,1014
21,PUEBLA,9,17,115,1015
21,PUEBLA,9,17,115,1016
21,PUEBLA,9,17,115,1017
21,PUEBLA,9,17,115,1018
21,PUEBLA,9,17,115,1019
21,PUEBLA,9,17,115,1020
21,PUEBLA,9,17,115,1024
21,PUEBLA,9,17,115,1025
21,PUEBLA,9,17,115,1026
21,PUEBLA,9,17,115,1034
21,PUEBLA,9,17,115,1035
21,PUEBLA,9,17,115,1036
21,PUEBLA,9,17,115,1037
21,PUEBLA,9,17,115,1038
21,PUEBLA,9,17,115,1039
21,PUEBLA,9,17,115,1040
21,PUEBLA,9,17,115,1085
21,PUEBLA,9,17,115,1086
21,PUEBLA,9,17,115,1087
21,PUEBLA,9,17,115,1088
21,PUEBLA,9,17,115,1089
21,PUEBLA,9,17,115,1090
21,PUEBLA,9,17,115,1091
21,PUEBLA,9,17,115,1097
21,PUEBLA,9,17,115,1098
21,PUEBLA,9,17,115,1099
21,PUEBLA,9,17,115,1100
21,PUEBLA,9,17,115,1101
21,PUEBLA,9,17,115,1102
21,PUEBLA,9,17,115,1103
21,PUEBLA,9,17,115,1104
21,PUEBLA,9,17,115,1105
21,PUEBLA,9,17,115,1120
21,PUEBLA,9,17,115,1121
21,PUEBLA,9,17,115,1122
21,PUEBLA,9,17,115,1123
21,PUEBLA,9,17,115,1124
21,PUEBLA,9,17,115,1125
21,PUEBLA,9,17,115,1126
21,PUEBLA,9,17,115,1127
21,PUEBLA,9,17,115,1129
21,PUEBLA,9,17,115,1130
21,PUEBLA,9,17,115,1131
21,PUEBLA,9,17,115,1132
21,PUEBLA,9,17,115,1133
21,PUEBLA,9,17,115,1134
21,PUEBLA,9,17,115,1135
21,PUEBLA,9,17,115,1136
21,PUEBLA,9,17,115,1137
21,PUEBLA,9,17,115,1148
21,PUEBLA,9,17,115,1149
21,PUEBLA,9,17,115,1150
21,PUEBLA,9,17,115,1151
21,PUEBLA,9,17,115,1152
21,PUEBLA,9,17,115,1153
21,PUEBLA,9,17,115,1154
21,PUEBLA,9,17,115,1155
21,PUEBLA,9,17,115,1156
21,PUEBLA,9,17,115,1157
21,PUEBLA,9,17,115,1158
21,PUEBLA,9,17,115,2663
21,PUEBLA,10,8,35,282
21,PUEBLA,10,8,35,283
21,PUEBLA,10,8,35,284
21,PUEBLA,10,8,35,285
21,PUEBLA,10,8,35,286
21,PUEBLA,10,8,35,287
21,PUEBLA,10,8,35,288
21,PUEBLA,10,8,35,289
21,PUEBLA,10,8,35,290
21,PUEBLA,10,8,35,291
21,PUEBLA,10,8,35,292
21,PUEBLA,10,8,35,293
21,PUEBLA,10,8,92,786
21,PUEBLA,10,8,92,787
21,PUEBLA,10,8,92,788
21,PUEBLA,10,8,92,789
21,PUEBLA,10,8,92,790
21,PUEBLA,10,8,92,791
21,PUEBLA,10,9,42,325
21,PUEBLA,10,9,42,326
21,PUEBLA,10,9,42,327
21,PUEBLA,10,9,42,328
21,PUEBLA,10,9,42,329
21,PUEBLA,10,9,42,330
21,PUEBLA,10,9,42,331
21,PUEBLA,10,9,42,332
21,PUEBLA,10,9,42,333
21,PUEBLA,10,9,42,334
21,PUEBLA,10,9,42,335
21,PUEBLA,10,9,42,336
21,PUEBLA,10,9,42,337
21,PUEBLA,10,9,42,338
21,PUEBLA,10,9,42,339
21,PUEBLA,10,18,120,1651
21,PUEBLA,10,18,120,1652
21,PUEBLA,10,18,120,1653
21,PUEBLA,10,18,120,1654
21,PUEBLA,10,18,120,1655
21,PUEBLA,10,18,120,1656
21,PUEBLA,10,18,120,1657
21,PUEBLA,10,18,120,1658
21,PUEBLA,10,18,120,1659
21,PUEBLA,10,18,120,1660
21,PUEBLA,10,18,120,1661
21,PUEBLA,10,18,120,1662
21,PUEBLA,10,18,120,1663
21,PUEBLA,10,18,120,1665
21,PUEBLA,10,18,120,1666
21,PUEBLA,10,18,120,1667
21,PUEBLA,10,18,120,1668
21,PUEBLA,10,18,120,1669
21,PUEBLA,10,18,120,1670
21,PUEBLA,10,18,120,1671
21,PUEBLA,10,18,120,2633
21,PUEBLA,10,18,120,2634
21,PUEBLA,10,18,120,2635
21,PUEBLA,10,18,120,2636
21,PUEBLA,10,18,120,2637
21,PUEBLA,10,18,120,2638
21,PUEBLA,10,18,120,2639
21,PUEBLA,10,18,120,2640
21,PUEBLA,10,18,120,2641
21,PUEBLA,10,18,120,2642
21,PUEBLA,10,18,120,2644
21,PUEBLA,10,18,120,2645
21,PUEBLA,10,18,120,2646
21,PUEBLA,10,18,120,2647
21,PUEBLA,10,18,120,2659
21,PUEBLA,10,18,120,2660
21,PUEBLA,10,18,120,2661
21,PUEBLA,10,18,120,2662
21,PUEBLA,10,18,141,1800
21,PUEBLA,10,18,141,1801
21,PUEBLA,10,18,141,1802
21,PUEBLA,10,18,141,1803
21,PUEBLA,10,18,141,1804
21,PUEBLA,10,18,141,1805
21,PUEBLA,10,18,141,1806
21,PUEBLA,10,18,141,1807
21,PUEBLA,10,18,141,1808
21,PUEBLA,10,18,141,1809
21,PUEBLA,10,18,141,1810
21,PUEBLA,10,18,141,1811
21,PUEBLA,10,18,141,1812
21,PUEBLA,10,18,141,1813
21,PUEBLA,10,18,141,1814
21,PUEBLA,10,18,141,1815
21,PUEBLA,10,18,141,1816
21,PUEBLA,10,18,141,1817
21,PUEBLA,10,18,141,1818
21,PUEBLA,10,18,141,1819
21,PUEBLA,10,18,141,1820
21,PUEBLA,10,18,141,1821
21,PUEBLA,10,18,141,1822
21,PUEBLA,10,18,141,1823
21,PUEBLA,10,18,141,1824
21,PUEBLA,10,18,141,1825
21,PUEBLA,10,18,141,1826
21,PUEBLA,10,18,141,1827
21,PUEBLA,10,18,141,1828
21,PUEBLA,10,18,141,1829
21,PUEBLA,10,18,141,1830
21,PUEBLA,10,18,141,1831
21,PUEBLA,10,18,141,1832
21,PUEBLA,10,18,141,1833
21,PUEBLA,10,18,141,1834
21,PUEBLA,10,18,141,1835
21,PUEBLA,10,18,141,1836
21,PUEBLA,10,18,141,1837
21,PUEBLA,10,18,141,1838
21,PUEBLA,10,18,141,1839
21,PUEBLA,10,18,141,1840
21,PUEBLA,10,18,141,1841
21,PUEBLA,10,18,141,1842
21,PUEBLA,10,18,141,1843
21,PUEBLA,10,18,141,1844
21,PUEBLA,10,18,141,1845
21,PUEBLA,10,21,126,1691
21,PUEBLA,10,21,126,1692
21,PUEBLA,10,21,126,1693
21,PUEBLA,10,21,126,1694
21,PUEBLA,10,21,127,1695
21,PUEBLA,10,21,127,1696
21,PUEBLA,10,21,127,1697
21,PUEBLA,11,16,115,1492
21,PUEBLA,11,16,115,1493
21,PUEBLA,11,16,115,1524
21,PUEBLA,11,16,115,1552
21,PUEBLA,11,16,115,1554
21,PUEBLA,11,16,115,1562
21,PUEBLA,11,16,115,1564
21,PUEBLA,11,16,115,1565
21,PUEBLA,11,16,115,1566
21,PUEBLA,11,16,115,1567
21,PUEBLA,11,16,115,1582
21,PUEBLA,11,16,115,1589
21,PUEBLA,11,16,115,1594
21,PUEBLA,11,16,115,1598
21,PUEBLA,11,19,115,1212
21,PUEBLA,11,19,115,1213
21,PUEBLA,11,19,115,1214
21,PUEBLA,11,19,115,1215
21,PUEBLA,11,19,115,1221
21,PUEBLA,11,19,115,1229
21,PUEBLA,11,19,115,1230
21,PUEBLA,11,19,115,1231
21,PUEBLA,11,19,115,1232
21,PUEBLA,11,19,115,1233
21,PUEBLA,11,19,115,1235
21,PUEBLA,11,19,115,1236
21,PUEBLA,11,19,115,1239
21,PUEBLA,11,19,115,1240
21,PUEBLA,11,19,115,1241
21,PUEBLA,11,19,115,1242
21,PUEBLA,11,19,115,1251
21,PUEBLA,11,19,115,1252
21,PUEBLA,11,19,115,1536
21,PUEBLA,11,19,115,1558
21,PUEBLA,11,19,115,1559
21,PUEBLA,11,19,115,2551
21,PUEBLA,11,19,115,2552
21,PUEBLA,11,19,115,2553
21,PUEBLA,11,19,115,2554
21,PUEBLA,11,19,115,2555
21,PUEBLA,11,19,115,2556
21,PUEBLA,11,19,115,2557
21,PUEBLA,11,19,115,2558
21,PUEBLA,11,19,115,2559
21,PUEBLA,11,19,115,2560
21,PUEBLA,11,19,115,2561
21,PUEBLA,11,19,115,2562
21,PUEBLA,11,19,115,2563
21,PUEBLA,11,19,115,2564
21,PUEBLA,11,19,115,2583
21,PUEBLA,11,19,115,2584
21,PUEBLA,11,19,115,2585
21,PUEBLA,11,19,115,2586
21,PUEBLA,11,19,115,2587
21,PUEBLA,11,19,115,2588
21,PUEBLA,11,19,115,2589
21,PUEBLA,11,19,115,2590
21,PUEBLA,11,19,115,2591
21,PUEBLA,11,19,115,2592
21,PUEBLA,11,19,115,2593
21,PUEBLA,11,19,115,2594
21,PUEBLA,11,19,115,2595
21,PUEBLA,11,19,115,2596
21,PUEBLA,11,19,115,2597
21,PUEBLA,11,19,115,2598
21,PUEBLA,11,19,115,2599
21,PUEBLA,11,19,115,2600
21,PUEBLA,11,19,115,2601
21,PUEBLA,11,19,115,2602
21,PUEBLA,11,19,115,2603
21,PUEBLA,11,19,115,2604
21,PUEBLA,11,19,115,2605
21,PUEBLA,11,19,115,2606
21,PUEBLA,11,19,115,2607
21,PUEBLA,11,19,115,2608
21,PUEBLA,11,19,115,2610
21,PUEBLA,11,19,115,2611
21,PUEBLA,11,19,115,2613
21,PUEBLA,11,19,115,2614
21,PUEBLA,11,19,115,2615
21,PUEBLA,11,20,115,1237
21,PUEBLA,11,20,115,1238
21,PUEBLA,11,20,115,1243
21,PUEBLA,11,20,115,1244
21,PUEBLA,11,20,115,1245
21,PUEBLA,11,20,115,1246
21,PUEBLA,11,20,115,1248
21,PUEBLA,11,20,115,1249
21,PUEBLA,11,20,115,1253
21,PUEBLA,11,20,115,1254
21,PUEBLA,11,20,115,1255
21,PUEBLA,11,20,115,1256
21,PUEBLA,11,20,115,1257
21,PUEBLA,11,20,115,1258
21,PUEBLA,11,20,115,1259
21,PUEBLA,11,20,115,1260
21,PUEBLA,11,20,115,1561
21,PUEBLA,11,20,115,1563
21,PUEBLA,11,20,115,1590
21,PUEBLA,11,20,115,1591
21,PUEBLA,11,20,115,1592
21,PUEBLA,11,20,115,1593
21,PUEBLA,11,20,115,1599
21,PUEBLA,11,20,115,1600
21,PUEBLA,11,20,115,1602
21,PUEBLA,11,20,115,1603
21,PUEBLA,11,20,115,1604
21,PUEBLA,11,20,115,1605
21,PUEBLA,11,20,115,1606
21,PUEBLA,11,20,115,1607
21,PUEBLA,11,20,115,1608
21,PUEBLA,11,20,115,1609
21,PUEBLA,11,20,115,2565
21,PUEBLA,11,20,115,2566
21,PUEBLA,11,20,115,2567
21,PUEBLA,11,20,115,2568
21,PUEBLA,11,20,115,2569
21,PUEBLA,11,20,115,2570
21,PUEBLA,11,20,115,2571
21,PUEBLA,11,20,115,2572
21,PUEBLA,11,20,115,2573
21,PUEBLA,11,20,115,2574
21,PUEBLA,11,20,115,2575
21,PUEBLA,11,20,115,2576
21,PUEBLA,11,20,115,2577
21,PUEBLA,11,20,115,2578
21,PUEBLA,11,20,115,2579
21,PUEBLA,11,20,115,2580
21,PUEBLA,11,20,115,2581
21,PUEBLA,11,20,115,2582
21,PUEBLA,11,20,115,2609
21,PUEBLA,11,20,115,2612
21,PUEBLA,11,20,115,2616
21,PUEBLA,11,20,115,2617
21,PUEBLA,11,20,115,2618
21,PUEBLA,11,20,115,2619
21,PUEBLA,11,20,115,2620
21,PUEBLA,11,20,115,2621
21,PUEBLA,11,20,115,2648
21,PUEBLA,11,20,115,2649
21,PUEBLA,11,20,115,2650
21,PUEBLA,11,20,115,2651
21,PUEBLA,11,20,115,2652
21,PUEBLA,11,20,115,2653
21,PUEBLA,11,20,115,2654
21,PUEBLA,11,20,115,2655
21,PUEBLA,11,20,115,2656
21,PUEBLA,11,20,115,2657
21,PUEBLA,11,20,115,2658
21,PUEBLA,12,10,115,1275
21,PUEBLA,12,10,115,1276
21,PUEBLA,12,10,115,1277
21,PUEBLA,12,10,115,1278
21,PUEBLA,12,10,115,1279
21,PUEBLA,12,10,115,1280
21,PUEBLA,12,10,115,1281
21,PUEBLA,12,10,115,1282
21,PUEBLA,12,10,115,1283
21,PUEBLA,12,10,115,1287
21,PUEBLA,12,10,115,1288
21,PUEBLA,12,10,115,1289
21,PUEBLA,12,10,115,1290
21,PUEBLA,12,10,115,1291
21,PUEBLA,12,10,115,1292
21,PUEBLA,12,10,115,1293
21,PUEBLA,12,10,115,1294
21,PUEBLA,12,10,115,1295
21,PUEBLA,12,10,115,1296
21,PUEBLA,12,10,115,1297
21,PUEBLA,12,10,115,1298
21,PUEBLA,12,10,115,1299
21,PUEBLA,12,10,115,1301
21,PUEBLA,12,10,115,1305
21,PUEBLA,12,10,115,1306
21,PUEBLA,12,10,115,1307
21,PUEBLA,12,10,115,1308
21,PUEBLA,12,10,115,1309
21,PUEBLA,12,10,115,1311
21,PUEBLA,12,10,115,1312
21,PUEBLA,12,10,115,1313
21,PUEBLA,12,10,115,1314
21,PUEBLA,12,10,115,1315
21,PUEBLA,12,10,115,1316
21,PUEBLA,12,10,115,1317
21,PUEBLA,12,10,115,1321
21,PUEBLA,12,10,115,1322
21,PUEBLA,12,10,115,1323
21,PUEBLA,12,10,115,1324
21,PUEBLA,12,10,115,1325
21,PUEBLA,12,10,115,1326
21,PUEBLA,12,16,115,1444
21,PUEBLA,12,16,115,1445
21,PUEBLA,12,16,115,1446
21,PUEBLA,12,16,115,1448
21,PUEBLA,12,16,115,1455
21,PUEBLA,12,16,115,1456
21,PUEBLA,12,16,115,1457
21,PUEBLA,12,16,115,1458
21,PUEBLA,12,16,115,1459
21,PUEBLA,12,16,115,1460
21,PUEBLA,12,16,115,1461
21,PUEBLA,12,16,115,1462
21,PUEBLA,12,16,115,1463
21,PUEBLA,12,16,115,1464
21,PUEBLA,12,16,115,1465
21,PUEBLA,12,16,115,1466
21,PUEBLA,12,16,115,1467
21,PUEBLA,12,16,115,1468
21,PUEBLA,12,16,115,1469
21,PUEBLA,12,16,115,1470
21,PUEBLA,12,16,115,1479
21,PUEBLA,12,16,115,1480
21,PUEBLA,12,16,115,1481
21,PUEBLA,12,16,115,1482
21,PUEBLA,12,16,115,1483
21,PUEBLA,12,16,115,1484
21,PUEBLA,12,16,115,1485
21,PUEBLA,12,16,115,1486
21,PUEBLA,12,16,115,1487
21,PUEBLA,12,16,115,1488
21,PUEBLA,12,16,115,1489
21,PUEBLA,12,16,115,1490
21,PUEBLA,12,16,115,1494
21,PUEBLA,12,16,115,1495
21,PUEBLA,12,16,115,1496
21,PUEBLA,12,16,115,1497
21,PUEBLA,12,16,115,1498
21,PUEBLA,12,16,115,1499
21,PUEBLA,12,16,115,1500
21,PUEBLA,12,16,115,1501
21,PUEBLA,12,16,115,1502
21,PUEBLA,12,16,115,1503
21,PUEBLA,12,16,115,1506
21,PUEBLA,12,16,115,1507
21,PUEBLA,12,16,115,1508
21,PUEBLA,12,16,115,1509
21,PUEBLA,12,16,115,1510
21,PUEBLA,12,16,115,1511
21,PUEBLA,12,16,115,1512
21,PUEBLA,12,16,115,1513
21,PUEBLA,12,16,115,1514
21,PUEBLA,12,16,115,1515
21,PUEBLA,12,16,115,1516
21,PUEBLA,12,16,115,1517
21,PUEBLA,12,16,115,1518
21,PUEBLA,12,16,115,1519
21,PUEBLA,12,16,115,1520
21,PUEBLA,12,16,115,1521
21,PUEBLA,12,16,115,1522
21,PUEBLA,12,16,115,1523
21,PUEBLA,12,16,115,1525
21,PUEBLA,12,16,115,1526
21,PUEBLA,12,16,115,1527
21,PUEBLA,12,16,115,1528
21,PUEBLA,12,16,115,1529
21,PUEBLA,12,16,115,1530
21,PUEBLA,12,16,115,1531
21,PUEBLA,12,16,115,1532
21,PUEBLA,12,16,115,1533
21,PUEBLA,12,16,115,1534
21,PUEBLA,12,16,115,1537
21,PUEBLA,12,16,115,1538
21,PUEBLA,12,16,115,1539
21,PUEBLA,12,16,115,1540
21,PUEBLA,12,16,115,1553
21,PUEBLA,12,16,115,1555
21,PUEBLA,12,16,115,1556
21,PUEBLA,12,16,115,1557
21,PUEBLA,12,17,115,933
21,PUEBLA,12,17,115,934
21,PUEBLA,12,17,115,935
21,PUEBLA,12,17,115,936
21,PUEBLA,12,17,115,937
21,PUEBLA,12,17,115,965
21,PUEBLA,12,17,115,966
21,PUEBLA,12,17,115,967
21,PUEBLA,12,17,115,968
21,PUEBLA,12,17,115,969
21,PUEBLA,12,17,115,970
21,PUEBLA,12,17,115,971
21,PUEBLA,12,17,115,987
21,PUEBLA,12,17,115,988
21,PUEBLA,12,17,115,989
21,PUEBLA,12,17,115,990
21,PUEBLA,12,17,115,991
21,PUEBLA,12,17,115,992
21,PUEBLA,12,17,115,1021
21,PUEBLA,12,17,115,1022
21,PUEBLA,12,17,115,1023
21,PUEBLA,12,17,115,1080
21,PUEBLA,12,17,115,1081
21,PUEBLA,12,17,115,1082
21,PUEBLA,12,17,115,1083
21,PUEBLA,12,17,115,1084
21,PUEBLA,12,17,115,1106
21,PUEBLA,12,17,115,1107
21,PUEBLA,12,17,115,1108
21,PUEBLA,12,17,115,1109
21,PUEBLA,12,17,115,1110
21,PUEBLA,12,17,115,1111
21,PUEBLA,12,17,115,1112
21,PUEBLA,12,17,115,1113
21,PUEBLA,12,17,115,1114
21,PUEBLA,12,17,115,1115
21,PUEBLA,12,17,115,1116
21,PUEBLA,12,17,115,1117
21,PUEBLA,12,17,115,1118
21,PUEBLA,12,17,115,1119
21,PUEBLA,12,17,115,1138
21,PUEBLA,12,17,115,1139
21,PUEBLA,12,17,115,1140
21,PUEBLA,12,17,115,1141
21,PUEBLA,12,17,115,1142
21,PUEBLA,12,17,115,1143
21,PUEBLA,12,17,115,1144
21,PUEBLA,12,17,115,1145
21,PUEBLA,12,17,115,1146
21,PUEBLA,12,17,115,1147
21,PUEBLA,12,17,115,1159
21,PUEBLA,12,17,115,1160
21,PUEBLA,12,17,115,1161
21,PUEBLA,12,17,115,1162
21,PUEBLA,12,17,115,1163
21,PUEBLA,12,17,115,1164
21,PUEBLA,12,17,115,1165
21,PUEBLA,12,17,115,1166
21,PUEBLA,12,17,115,1167
21,PUEBLA,12,17,115,1168
21,PUEBLA,12,17,115,1169
21,PUEBLA,12,17,115,1170
21,PUEBLA,12,17,115,1171
21,PUEBLA,12,17,115,1172
21,PUEBLA,12,17,115,1173
21,PUEBLA,12,17,115,1174
21,PUEBLA,12,17,115,1175
21,PUEBLA,12,17,115,1261
21,PUEBLA,12,17,115,1262
21,PUEBLA,12,17,115,1263
21,PUEBLA,12,17,115,1264
21,PUEBLA,12,17,115,1265
21,PUEBLA,12,17,115,1266
21,PUEBLA,12,17,115,1267
21,PUEBLA,12,17,115,1268
21,PUEBLA,12,17,115,1269
21,PUEBLA,12,17,115,1270
21,PUEBLA,12,17,115,1271
21,PUEBLA,12,17,115,1272
21,PUEBLA,12,17,115,1273
21,PUEBLA,12,17,115,1274
21,PUEBLA,12,17,115,1284
21,PUEBLA,12,17,115,1285
21,PUEBLA,12,17,115,1286
21,PUEBLA,12,17,115,1300
21,PUEBLA,12,17,115,1423
21,PUEBLA,12,17,115,1424
21,PUEBLA,12,17,115,1425
21,PUEBLA,12,17,115,1426
21,PUEBLA,12,17,115,1427
21,PUEBLA,12,17,115,1428
21,PUEBLA,12,17,115,1429
21,PUEBLA,12,17,115,1430
21,PUEBLA,12,17,115,1431
21,PUEBLA,12,17,115,1432
21,PUEBLA,12,17,115,1433
21,PUEBLA,12,17,115,1434
21,PUEBLA,12,17,115,1435
21,PUEBLA,12,17,115,1436
21,PUEBLA,12,17,115,1437
21,PUEBLA,12,17,115,1438
21,PUEBLA,12,17,115,1439
21,PUEBLA,12,17,115,1440
21,PUEBLA,12,17,115,1441
21,PUEBLA,12,17,115,1442
21,PUEBLA,12,17,115,1443
21,PUEBLA,12,17,115,1447
21,PUEBLA,12,17,115,1449
21,PUEBLA,12,17,115,1450
21,PUEBLA,12,17,115,1451
21,PUEBLA,12,17,115,1452
21,PUEBLA,12,17,115,1453
21,PUEBLA,12,17,115,1454
21,PUEBLA,12,17,115,1471
21,PUEBLA,12,17,115,1472
21,PUEBLA,12,17,115,1473
21,PUEBLA,12,17,115,1474
21,PUEBLA,12,17,115,1475
21,PUEBLA,12,17,115,1476
21,PUEBLA,12,17,115,1477
21,PUEBLA,12,17,115,1478
21,PUEBLA,12,17,115,1504
21,PUEBLA,12,17,115,1505
21,PUEBLA,12,19,115,1176
21,PUEBLA,12,19,115,1177
21,PUEBLA,12,19,115,1178
21,PUEBLA,12,19,115,1179
21,PUEBLA,12,19,115,1180
21,PUEBLA,12,19,115,1181
21,PUEBLA,12,19,115,1182
21,PUEBLA,12,19,115,1183
21,PUEBLA,12,19,115,1184
21,PUEBLA,12,19,115,1185
21,PUEBLA,12,19,115,1186
21,PUEBLA,12,19,115,1187
21,PUEBLA,12,19,115,1188
21,PUEBLA,12,19,115,1189
21,PUEBLA,12,19,115,1190
21,PUEBLA,12,19,115,1191
21,PUEBLA,12,19,115,1192
21,PUEBLA,12,19,115,1193
21,PUEBLA,12,19,115,1194
21,PUEBLA,12,19,115,1195
21,PUEBLA,12,19,115,1196
21,PUEBLA,12,19,115,1197
21,PUEBLA,12,19,115,1198
21,PUEBLA,12,19,115,1199
21,PUEBLA,12,19,115,1200
21,PUEBLA,12,19,115,1201
21,PUEBLA,12,19,115,1202
21,PUEBLA,12,19,115,1203
21,PUEBLA,12,19,115,1204
21,PUEBLA,12,19,115,1205
21,PUEBLA,12,19,115,1206
21,PUEBLA,12,19,115,1207
21,PUEBLA,12,19,115,1208
21,PUEBLA,12,19,115,1209
21,PUEBLA,12,19,115,1210
21,PUEBLA,12,19,115,1211
21,PUEBLA,12,19,115,1216
21,PUEBLA,12,19,115,1217
21,PUEBLA,12,19,115,1218
21,PUEBLA,12,19,115,1219
21,PUEBLA,12,19,115,1220
21,PUEBLA,12,19,115,1222
21,PUEBLA,12,19,115,1223
21,PUEBLA,12,19,115,1224
21,PUEBLA,12,19,115,1225
21,PUEBLA,12,19,115,1226
21,PUEBLA,12,19,115,1227
21,PUEBLA,12,19,115,1228
21,PUEBLA,12,19,115,1535
21,PUEBLA,12,19,115,2643
21,PUEBLA,13,21,19,154
21,PUEBLA,13,21,19,155
21,PUEBLA,13,21,19,156
21,PUEBLA,13,21,19,157
21,PUEBLA,13,21,19,158
21,PUEBLA,13,21,19,159
21,PUEBLA,13,21,19,160
21,PUEBLA,13,21,19,161
21,PUEBLA,13,21,19,162
21,PUEBLA,13,21,19,163
21,PUEBLA,13,21,19,164
21,PUEBLA,13,21,19,165
21,PUEBLA,13,21,19,166
21,PUEBLA,13,21,19,167
21,PUEBLA,13,21,19,168
21,PUEBLA,13,21,19,169
21,PUEBLA,13,21,19,170
21,PUEBLA,13,21,19,171
21,PUEBLA,13,21,19,172
21,PUEBLA,13,21,19,173
21,PUEBLA,13,21,19,174
21,PUEBLA,13,21,19,175
21,PUEBLA,13,21,19,176
21,PUEBLA,13,21,19,177
21,PUEBLA,13,21,19,178
21,PUEBLA,13,21,19,179
21,PUEBLA,13,21,19,180
21,PUEBLA,13,21,19,181
21,PUEBLA,13,21,19,182
21,PUEBLA,13,21,19,183
21,PUEBLA,13,21,19,184
21,PUEBLA,13,21,19,185
21,PUEBLA,13,21,19,186
21,PUEBLA,13,21,19,187
21,PUEBLA,13,21,19,188
21,PUEBLA,13,21,19,189
21,PUEBLA,13,21,19,190
21,PUEBLA,13,21,19,191
21,PUEBLA,13,21,19,192
21,PUEBLA,13,21,19,193
21,PUEBLA,13,21,19,194
21,PUEBLA,13,21,19,195
21,PUEBLA,13,21,19,196
21,PUEBLA,13,21,19,197
21,PUEBLA,13,21,19,198
21,PUEBLA,13,21,19,199
21,PUEBLA,13,21,19,200
21,PUEBLA,13,21,19,201
21,PUEBLA,13,21,19,202
21,PUEBLA,13,21,19,203
21,PUEBLA,13,21,19,204
21,PUEBLA,13,21,19,205
21,PUEBLA,13,21,19,206
21,PUEBLA,13,21,19,207
21,PUEBLA,13,21,19,208
21,PUEBLA,13,21,19,209
21,PUEBLA,13,21,19,210
21,PUEBLA,13,21,19,211
21,PUEBLA,13,21,19,212
21,PUEBLA,13,21,19,213
21,PUEBLA,13,21,19,214
21,PUEBLA,13,21,19,215
21,PUEBLA,13,21,19,216
21,PUEBLA,13,21,19,217
21,PUEBLA,13,21,19,218
21,PUEBLA,13,21,19,219
21,PUEBLA,13,21,19,220
21,PUEBLA,13,21,19,221
21,PUEBLA,13,21,22,225
21,PUEBLA,13,21,22,226
21,PUEBLA,13,21,22,227
21,PUEBLA,13,21,22,228
21,PUEBLA,13,21,22,229
21,PUEBLA,13,21,22,230
21,PUEBLA,13,21,22,231
21,PUEBLA,13,21,22,232
21,PUEBLA,13,21,22,233
21,PUEBLA,13,21,107,857
21,PUEBLA,13,21,107,858
21,PUEBLA,13,21,107,859
21,PUEBLA,13,21,107,860
21,PUEBLA,13,21,107,861
21,PUEBLA,13,21,107,862
21,PUEBLA,13,21,107,863
21,PUEBLA,13,21,107,864
21,PUEBLA,13,21,107,865
21,PUEBLA,13,21,107,866
21,PUEBLA,13,21,122,1674
21,PUEBLA,13,21,122,1675
21,PUEBLA,13,21,122,1676
21,PUEBLA,13,21,148,1877
21,PUEBLA,13,21,148,1878
21,PUEBLA,13,21,148,1879
21,PUEBLA,13,21,148,1880
21,PUEBLA,13,21,148,1881
21,PUEBLA,13,21,174,2175
21,PUEBLA,13,21,174,2176
21,PUEBLA,13,21,174,2177
21,PUEBLA,13,21,174,2178
21,PUEBLA,13,21,174,2179
21,PUEBLA,13,21,174,2180
21,PUEBLA,13,21,188,2299
21,PUEBLA,13,21,188,2300
21,PUEBLA,13,21,188,2301
21,PUEBLA,13,21,188,2302
21,PUEBLA,13,21,188,2303
21,PUEBLA,13,21,188,2304
21,PUEBLA,13,21,188,2305
21,PUEBLA,13,21,188,2306
21,PUEBLA,13,21,188,2307
21,PUEBLA,13,21,188,2308
21,PUEBLA,13,21,188,2309
21,PUEBLA,13,22,5,61
21,PUEBLA,13,22,5,62
21,PUEBLA,13,22,5,63
21,PUEBLA,13,22,21,224
21,PUEBLA,13,22,34,279
21,PUEBLA,13,22,34,280
21,PUEBLA,13,22,34,281
21,PUEBLA,13,22,52,439
21,PUEBLA,13,22,52,440
21,PUEBLA,13,22,52,441
21,PUEBLA,13,22,52,442
21,PUEBLA,13,22,52,443
21,PUEBLA,13,22,52,444
21,PUEBLA,13,22,52,445
21,PUEBLA,13,22,52,446
21,PUEBLA,13,22,52,447
21,PUEBLA,13,22,52,448
21,PUEBLA,13,22,52,449
21,PUEBLA,13,22,52,450
21,PUEBLA,13,22,52,451
21,PUEBLA,13,22,52,452
21,PUEBLA,13,22,52,453
21,PUEBLA,13,22,52,454
21,PUEBLA,13,22,52,455
21,PUEBLA,13,22,52,456
21,PUEBLA,13,22,52,457
21,PUEBLA,13,22,52,458
21,PUEBLA,13,22,70,569
21,PUEBLA,13,22,70,570
21,PUEBLA,13,22,70,571
21,PUEBLA,13,22,70,572
21,PUEBLA,13,22,70,573
21,PUEBLA,13,22,70,574
21,PUEBLA,13,22,70,575
21,PUEBLA,13,22,70,576
21,PUEBLA,13,22,70,577
21,PUEBLA,13,22,70,578
21,PUEBLA,13,22,70,579
21,PUEBLA,13,22,70,580
21,PUEBLA,13,22,70,581
21,PUEBLA,13,22,70,582
21,PUEBLA,13,22,70,583
21,PUEBLA,13,22,70,584
21,PUEBLA,13,22,70,585
21,PUEBLA,13,22,70,586
21,PUEBLA,13,22,70,587
21,PUEBLA,13,22,87,730
21,PUEBLA,13,22,87,731
21,PUEBLA,13,22,87,732
21,PUEBLA,13,22,87,733
21,PUEBLA,13,22,87,734
21,PUEBLA,13,22,87,735
21,PUEBLA,13,22,87,736
21,PUEBLA,13,22,87,737
21,PUEBLA,13,22,87,738
21,PUEBLA,13,22,87,739
21,PUEBLA,13,22,87,740
21,PUEBLA,13,22,87,741
21,PUEBLA,13,22,87,742
21,PUEBLA,13,22,87,743
21,PUEBLA,13,22,87,744
21,PUEBLA,13,22,87,745
21,PUEBLA,13,22,87,746
21,PUEBLA,13,22,87,747
21,PUEBLA,13,22,87,748
21,PUEBLA,13,22,87,749
21,PUEBLA,13,22,87,750
21,PUEBLA,13,22,87,751
21,PUEBLA,13,22,87,752
21,PUEBLA,13,22,87,753
21,PUEBLA,13,22,87,754
21,PUEBLA,13,22,87,755
21,PUEBLA,13,22,87,756
21,PUEBLA,13,22,87,757
21,PUEBLA,13,22,87,758
21,PUEBLA,13,22,87,759
21,PUEBLA,13,22,87,760
21,PUEBLA,13,22,87,761
21,PUEBLA,13,22,87,762
21,PUEBLA,13,22,87,763
21,PUEBLA,13,22,164,2082
21,PUEBLA,13,22,165,2083
21,PUEBLA,13,22,165,2084
21,PUEBLA,13,22,165,2085
21,PUEBLA,13,22,165,2086
21,PUEBLA,13,22,165,2087
21,PUEBLA,13,22,165,2088
21,PUEBLA,13,22,167,2095
21,PUEBLA,13,22,167,2096
21,PUEBLA,13,22,167,2097
21,PUEBLA,13,22,175,2181
21,PUEBLA,13,22,175,2182
21,PUEBLA,13,22,175,2183
21,PUEBLA,13,22,185,2267
21,PUEBLA,13,22,185,2268
21,PUEBLA,13,22,185,2269
21,PUEBLA,13,22,185,2270
21,PUEBLA,13,22,185,2271
21,PUEBLA,13,23,63,524
21,PUEBLA,13,23,63,525
21,PUEBLA,13,23,134,1774
21,PUEBLA,13,23,201,2407
21,PUEBLA,13,23,201,2408
21,PUEBLA,14,12,20,222
21,PUEBLA,14,12,20,223
21,PUEBLA,14,12,150,1888
21,PUEBLA,14,12,150,1889
21,PUEBLA,14,12,150,1890
21,PUEBLA,14,12,182,2251
21,PUEBLA,14,12,182,2252
21,PUEBLA,14,12,193,2329
21,PUEBLA,14,12,193,2330
21,PUEBLA,14,12,193,2331
21,PUEBLA,14,12,193,2332
21,PUEBLA,14,15,145,1868
21,PUEBLA,14,15,145,1869
21,PUEBLA,14,15,145,1870
21,PUEBLA,14,15,145,1871
21,PUEBLA,14,15,153,1906
21,PUEBLA,14,15,153,1907
21,PUEBLA,14,15,153,1908
21,PUEBLA,14,15,153,1909
21,PUEBLA,14,15,153,1910
21,PUEBLA,14,15,153,1911
21,PUEBLA,14,15,153,1912
21,PUEBLA,14,15,153,1913
21,PUEBLA,14,15,153,1914
21,PUEBLA,14,15,153,1915
21,PUEBLA,14,15,153,1916
21,PUEBLA,14,15,153,1917
21,PUEBLA,14,15,153,1918
21,PUEBLA,14,15,153,1919
21,PUEBLA,14,15,153,1920
21,PUEBLA,14,15,153,1921
21,PUEBLA,14,15,153,1922
21,PUEBLA,14,15,153,1923
21,PUEBLA,14,15,153,1924
21,PUEBLA,14,15,153,1925
21,PUEBLA,14,15,153,1926
21,PUEBLA,14,15,153,1927
21,PUEBLA,14,15,153,1928
21,PUEBLA,14,15,205,2420
21,PUEBLA,14,15,205,2421
21,PUEBLA,14,15,205,2422
21,PUEBLA,14,15,205,2423
21,PUEBLA,14,15,205,2424
21,PUEBLA,14,15,205,2425
21,PUEBLA,14,15,205,2426
21,PUEBLA,14,15,205,2427
21,PUEBLA,14,15,205,2428
21,PUEBLA,14,22,11,102
21,PUEBLA,14,22,33,277
21,PUEBLA,14,22,33,278
21,PUEBLA,14,22,48,398
21,PUEBLA,14,22,48,399
21,PUEBLA,14,22,48,400
21,PUEBLA,14,22,48,401
21,PUEBLA,14,22,48,402
21,PUEBLA,14,22,48,403
21,PUEBLA,14,22,48,404
21,PUEBLA,14,22,48,405
21,PUEBLA,14,22,48,406
21,PUEBLA,14,22,48,407
21,PUEBLA,14,22,48,408
21,PUEBLA,14,22,48,409
21,PUEBLA,14,22,48,410
21,PUEBLA,14,22,48,411
21,PUEBLA,14,22,48,412
21,PUEBLA,14,22,48,413
21,PUEBLA,14,22,48,414
21,PUEBLA,14,22,57,500
21,PUEBLA,14,22,57,501
21,PUEBLA,14,22,74,640
21,PUEBLA,14,22,74,641
21,PUEBLA,14,22,74,642
21,PUEBLA,14,22,74,643
21,PUEBLA,14,22,74,644
21,PUEBLA,14,22,74,645
21,PUEBLA,14,22,83,706
21,PUEBLA,14,22,83,707
21,PUEBLA,14,22,83,708
21,PUEBLA,14,22,89,770
21,PUEBLA,14,22,89,771
21,PUEBLA,14,22,89,772
21,PUEBLA,14,22,89,773
21,PUEBLA,14,22,89,774
21,PUEBLA,14,22,89,775
21,PUEBLA,14,22,159,2038
21,PUEBLA,14,22,159,2039
21,PUEBLA,14,22,159,2040
21,PUEBLA,14,22,159,2041
21,PUEBLA,14,22,198,2391
21,PUEBLA,14,22,198,2392
21,PUEBLA,14,23,3,28
21,PUEBLA,14,23,3,29
21,PUEBLA,14,23,3,30
21,PUEBLA,14,23,3,31
21,PUEBLA,14,23,3,32
21,PUEBLA,14,23,3,33
21,PUEBLA,14,23,3,34
21,PUEBLA,14,23,3,35
21,PUEBLA,14,23,3,36
21,PUEBLA,14,23,3,37
21,PUEBLA,14,23,3,38
21,PUEBLA,14,23,3,39
21,PUEBLA,14,23,3,40
21,PUEBLA,14,23,3,41
21,PUEBLA,14,23,3,42
21,PUEBLA,14,23,3,43
21,PUEBLA,14,23,3,44
21,PUEBLA,14,23,7,71
21,PUEBLA,14,23,7,72
21,PUEBLA,14,23,7,73
21,PUEBLA,14,23,7,74
21,PUEBLA,14,23,9,79
21,PUEBLA,14,23,24,239
21,PUEBLA,14,23,24,240
21,PUEBLA,14,23,32,274
21,PUEBLA,14,23,32,275
21,PUEBLA,14,23,32,276
21,PUEBLA,14,23,43,340
21,PUEBLA,14,23,43,341
21,PUEBLA,14,23,43,342
21,PUEBLA,14,23,43,343
21,PUEBLA,14,23,53,459
21,PUEBLA,14,23,53,460
21,PUEBLA,14,23,56,496
21,PUEBLA,14,23,56,497
21,PUEBLA,14,23,56,498
21,PUEBLA,14,23,56,499
21,PUEBLA,14,23,60,512
21,PUEBLA,14,23,60,513
21,PUEBLA,14,23,60,514
21,PUEBLA,14,23,67,551
21,PUEBLA,14,23,67,552
21,PUEBLA,14,23,67,553
21,PUEBLA,14,23,67,554
21,PUEBLA,14,23,71,588
21,PUEBLA,14,23,71,589
21,PUEBLA,14,23,71,590
21,PUEBLA,14,23,71,591
21,PUEBLA,14,23,71,592
21,PUEBLA,14,23,71,593
21,PUEBLA,14,23,75,646
21,PUEBLA,14,23,75,647
21,PUEBLA,14,23,75,648
21,PUEBLA,14,23,75,649
21,PUEBLA,14,23,75,650
21,PUEBLA,14,23,81,701
21,PUEBLA,14,23,81,702
21,PUEBLA,14,23,81,703
21,PUEBLA,14,23,97,820
21,PUEBLA,14,23,100,825
21,PUEBLA,14,23,100,826
21,PUEBLA,14,23,100,827
21,PUEBLA,14,23,100,828
21,PUEBLA,14,23,100,829
21,PUEBLA,14,23,113,922
21,PUEBLA,14,23,113,923
21,PUEBLA,14,23,113,924
21,PUEBLA,14,23,113,925
21,PUEBLA,14,23,113,926
21,PUEBLA,14,23,113,927
21,PUEBLA,14,23,114,928
21,PUEBLA,14,23,114,929
21,PUEBLA,14,23,114,930
21,PUEBLA,14,23,114,931
21,PUEBLA,14,23,114,932
21,PUEBLA,14,23,128,1698
21,PUEBLA,14,23,128,1699
21,PUEBLA,14,23,128,1700
21,PUEBLA,14,23,128,1701
21,PUEBLA,14,23,132,1719
21,PUEBLA,14,23,136,1784
21,PUEBLA,14,23,140,1798
21,PUEBLA,14,23,140,1799
21,PUEBLA,14,23,142,1846
21,PUEBLA,14,23,142,1847
21,PUEBLA,14,23,146,1872
21,PUEBLA,14,23,147,1873
21,PUEBLA,14,23,147,1874
21,PUEBLA,14,23,147,1875
21,PUEBLA,14,23,147,1876
21,PUEBLA,14,23,154,1929
21,PUEBLA,14,23,154,1930
21,PUEBLA,14,23,154,1931
21,PUEBLA,14,23,154,1932
21,PUEBLA,14,23,154,1933
21,PUEBLA,14,23,156,2017
21,PUEBLA,14,23,156,2018
21,PUEBLA,14,23,156,2019
21,PUEBLA,14,23,156,2020
21,PUEBLA,14,23,156,2021
21,PUEBLA,14,23,156,2022
21,PUEBLA,14,23,156,2023
21,PUEBLA,14,23,156,2024
21,PUEBLA,14,23,158,2033
21,PUEBLA,14,23,158,2034
21,PUEBLA,14,23,158,2035
21,PUEBLA,14,23,158,2036
21,PUEBLA,14,23,158,2037
21,PUEBLA,14,23,168,2098
21,PUEBLA,14,23,168,2099
21,PUEBLA,14,23,168,2100
21,PUEBLA,14,23,168,2101
21,PUEBLA,14,23,168,2102
21,PUEBLA,14,23,168,2103
21,PUEBLA,14,23,168,2104
21,PUEBLA,14,23,168,2105
21,PUEBLA,14,23,168,2106
21,PUEBLA,14,23,168,2107
21,PUEBLA,14,23,168,2108
21,PUEBLA,14,23,170,2116
21,PUEBLA,14,23,189,2310
21,PUEBLA,14,23,189,2311
21,PUEBLA,14,23,189,2312
21,PUEBLA,14,23,189,2313
21,PUEBLA,14,23,189,2314
21,PUEBLA,14,23,189,2315
21,PUEBLA,14,23,189,2316
21,PUEBLA,14,23,190,2317
21,PUEBLA,14,23,190,2318
21,PUEBLA,14,23,191,2319
21,PUEBLA,14,23,191,2320
21,PUEBLA,14,23,191,2321
21,PUEBLA,14,23,191,2322
21,PUEBLA,14,23,191,2323
21,PUEBLA,14,23,191,2324
21,PUEBLA,14,23,191,2325
21,PUEBLA,14,23,196,2360
21,PUEBLA,14,23,196,2361
21,PUEBLA,14,23,203,2413
21,PUEBLA,14,23,203,2414
21,PUEBLA,14,23,203,2415
21,PUEBLA,14,23,206,2429
21,PUEBLA,14,23,206,2430
21,PUEBLA,14,23,206,2431
21,PUEBLA,14,23,206,2432
21,PUEBLA,15,24,18,148
21,PUEBLA,15,24,18,149
21,PUEBLA,15,24,18,150
21,PUEBLA,15,24,18,151
21,PUEBLA,15,24,18,152
21,PUEBLA,15,24,18,153
21,PUEBLA,15,24,38,314
21,PUEBLA,15,24,38,315
21,PUEBLA,15,24,38,316
21,PUEBLA,15,24,84,709
21,PUEBLA,15,24,84,710
21,PUEBLA,15,24,84,711
21,PUEBLA,15,24,94,797
21,PUEBLA,15,24,94,798
21,PUEBLA,15,24,94,799
21,PUEBLA,15,24,94,800
21,PUEBLA,15,24,155,1937
21,PUEBLA,15,24,155,1976
21,PUEBLA,15,24,155,1984
21,PUEBLA,15,24,155,1985
21,PUEBLA,15,24,155,1986
21,PUEBLA,15,24,155,1987
21,PUEBLA,15,24,155,1988
21,PUEBLA,15,24,155,1994
21,PUEBLA,15,24,155,1995
21,PUEBLA,15,24,155,1996
21,PUEBLA,15,24,155,1999
21,PUEBLA,15,24,155,2000
21,PUEBLA,15,24,155,2001
21,PUEBLA,15,24,155,2002
21,PUEBLA,15,24,155,2005
21,PUEBLA,15,24,155,2006
21,PUEBLA,15,24,155,2007
21,PUEBLA,15,24,155,2008
21,PUEBLA,15,24,155,2009
21,PUEBLA,15,24,155,2012
21,PUEBLA,15,24,155,2013
21,PUEBLA,15,24,155,2014
21,PUEBLA,15,24,155,2015
21,PUEBLA,15,24,155,2016
21,PUEBLA,15,24,160,2042
21,PUEBLA,15,24,160,2043
21,PUEBLA,15,24,160,2044
21,PUEBLA,15,24,160,2045
21,PUEBLA,15,24,160,2046
21,PUEBLA,15,24,160,2047
21,PUEBLA,15,24,160,2048
21,PUEBLA,15,24,176,2184
21,PUEBLA,15,24,176,2185
21,PUEBLA,15,24,176,2186
21,PUEBLA,15,24,176,2187
21,PUEBLA,15,24,176,2188
21,PUEBLA,15,24,176,2189
21,PUEBLA,15,24,176,2190
21,PUEBLA,15,24,176,2191
21,PUEBLA,15,24,176,2192
21,PUEBLA,15,24,176,2193
21,PUEBLA,15,24,176,2194
21,PUEBLA,15,24,176,2195
21,PUEBLA,15,24,176,2196
21,PUEBLA,15,24,176,2197
21,PUEBLA,15,24,176,2198
21,PUEBLA,15,24,176,2199
21,PUEBLA,15,24,176,2200
21,PUEBLA,15,25,149,1882
21,PUEBLA,15,25,149,1883
21,PUEBLA,15,25,149,1884
21,PUEBLA,15,25,149,1885
21,PUEBLA,15,25,149,1886
21,PUEBLA,15,25,149,1887
21,PUEBLA,15,25,155,1934
21,PUEBLA,15,25,155,1935
21,PUEBLA,15,25,155,1936
21,PUEBLA,15,25,155,1938
21,PUEBLA,15,25,155,1939
21,PUEBLA,15,25,155,1940
21,PUEBLA,15,25,155,1941
21,PUEBLA,15,25,155,1942
21,PUEBLA,15,25,155,1943
21,PUEBLA,15,25,155,1944
21,PUEBLA,15,25,155,1945
21,PUEBLA,15,25,155,1946
21,PUEBLA,15,25,155,1947
21,PUEBLA,15,25,155,1948
21,PUEBLA,15,25,155,1949
21,PUEBLA,15,25,155,1950
21,PUEBLA,15,25,155,1951
21,PUEBLA,15,25,155,1952
21,PUEBLA,15,25,155,1953
21,PUEBLA,15,25,155,1954
21,PUEBLA,15,25,155,1955
21,PUEBLA,15,25,155,1956
21,PUEBLA,15,25,155,1957
21,PUEBLA,15,25,155,1958
21,PUEBLA,15,25,155,1959
21,PUEBLA,15,25,155,1960
21,PUEBLA,15,25,155,1961
21,PUEBLA,15,25,155,1962
21,PUEBLA,15,25,155,1963
21,PUEBLA,15,25,155,1964
21,PUEBLA,15,25,155,1965
21,PUEBLA,15,25,155,1966
21,PUEBLA,15,25,155,1967
21,PUEBLA,15,25,155,1968
21,PUEBLA,15,25,155,1969
21,PUEBLA,15,25,155,1970
21,PUEBLA,15,25,155,1971
21,PUEBLA,15,25,155,1972
21,PUEBLA,15,25,155,1973
21,PUEBLA,15,25,155,1974
21,PUEBLA,15,25,155,1975
21,PUEBLA,15,25,155,1977
21,PUEBLA,15,25,155,1978
21,PUEBLA,15,25,155,1979
21,PUEBLA,15,25,155,1980
21,PUEBLA,15,25,155,1981
21,PUEBLA,15,25,155,1982
21,PUEBLA,15,25,155,1983
21,PUEBLA,15,25,155,1989
21,PUEBLA,15,25,155,1990
21,PUEBLA,15,25,155,1991
21,PUEBLA,15,25,155,1992
21,PUEBLA,15,25,155,1993
21,PUEBLA,15,25,155,1997
21,PUEBLA,15,25,155,1998
21,PUEBLA,15,25,155,2003
21,PUEBLA,15,25,155,2004
21,PUEBLA,15,25,155,2010
21,PUEBLA,15,25,155,2011
