"ID_MUNICIPIO","MUNICIPIO","ALBERTO_JIMENEZ","ENRIQUE_CARDENAS","MIGUEL_BARBOSA","NO_REGISTRADOS","NULOS","TOTAL_VOTOS","LISTA_NOMINAL","aj_porc","ec_porc","mb_porc","no_reg_porc","nulos_porc","parti_porc","abst_porc","GANADOR","PORC_GANADOR","CVE_GANADOR"
"001","ACAJETE",3733,2918,3689,6,295,10641,45097,35.08,27.42,34.67,0.06,2.77,23.6,76.4,"ALBERTO_JIMENEZ",35.08,"1"
"002","ACATENO",502,224,2285,4,90,3105,6978,16.17,7.21,73.59,0.13,2.9,44.5,55.5,"MIGUEL_BARBOSA",73.59,"3"
"003","ACATLAN",1671,1207,4272,7,203,7360,28427,22.7,16.4,58.04,0.1,2.76,25.89,74.11,"MIGUEL_BARBOSA",58.04,"3"
"004","ACATZINGO",2512,2866,3229,22,221,8850,37475,28.38,32.38,36.49,0.25,2.5,23.62,76.38,"MIGUEL_BARBOSA",36.49,"3"
"005","ACTEOPAN",282,98,729,0,54,1163,2333,24.25,8.43,62.68,0,4.64,49.85,50.15,"MIGUEL_BARBOSA",62.68,"3"
"006","AHUACATLAN",1510,503,1899,2,198,4112,10356,36.72,12.23,46.18,0.05,4.82,39.71,60.29,"MIGUEL_BARBOSA",46.18,"3"
"007","AHUATLAN",525,80,349,0,21,975,2543,53.85,8.21,35.79,0,2.15,38.34,61.66,"ALBERTO_JIMENEZ",53.85,"1"
"008","AHUAZOTEPEC",1258,641,1454,1,185,3539,7675,35.55,18.11,41.09,0.03,5.23,46.11,53.89,"MIGUEL_BARBOSA",41.09,"3"
"009","AHUEHUETITLA",48,19,401,0,10,478,1822,10.04,3.97,83.89,0,2.09,26.23,73.77,"MIGUEL_BARBOSA",83.89,"3"
"010","AJALPAN",1631,3992,9865,5,788,16281,43037,10.02,24.52,60.59,0.03,4.84,37.83,62.17,"MIGUEL_BARBOSA",60.59,"3"
"011","ALBINO ZERTUCHE",270,54,255,1,12,592,1434,45.61,9.12,43.07,0.17,2.03,41.28,58.72,"ALBERTO_JIMENEZ",45.61,"1"
"012","ALJOJUCA",309,473,725,0,41,1548,4904,19.96,30.56,46.83,0,2.65,31.57,68.43,"MIGUEL_BARBOSA",46.83,"3"
"013","ALTEPEXI",280,548,1764,1,40,2633,13741,10.63,20.81,67,0.04,1.52,19.16,80.84,"MIGUEL_BARBOSA",67,"3"
"014","AMIXTLAN",253,120,1202,0,85,1660,3522,15.24,7.23,72.41,0,5.12,47.13,52.87,"MIGUEL_BARBOSA",72.41,"3"
"015","AMOZOC",2678,7421,6585,21,588,17293,70815,15.49,42.91,38.08,0.12,3.4,24.42,75.58,"ENRIQUE_CARDENAS",42.91,"2"
"016","AQUIXTLA",1503,255,850,2,177,2787,6061,53.93,9.15,30.5,0.07,6.35,45.98,54.02,"ALBERTO_JIMENEZ",53.93,"1"
"017","ATEMPAN",2898,735,3342,4,363,7342,18539,39.47,10.01,45.52,0.05,4.94,39.6,60.4,"MIGUEL_BARBOSA",45.52,"3"
"018","ATEXCAL",502,265,382,0,32,1181,2764,42.51,22.44,32.35,0,2.71,42.73,57.27,"ALBERTO_JIMENEZ",42.51,"1"
"019","ATLIXCO",4846,12703,12087,38,1054,30728,105438,15.77,41.34,39.34,0.12,3.43,29.14,70.86,"ENRIQUE_CARDENAS",41.34,"2"
"020","ATOYATEMPAN",484,318,744,0,29,1575,5021,30.73,20.19,47.24,0,1.84,31.37,68.63,"MIGUEL_BARBOSA",47.24,"3"
"021","ATZALA",29,35,333,0,11,408,1070,7.11,8.58,81.62,0,2.7,38.13,61.87,"MIGUEL_BARBOSA",81.62,"3"
"022","ATZITZIHUACAN",494,730,3299,0,131,4654,9228,10.61,15.69,70.89,0,2.81,50.43,49.57,"MIGUEL_BARBOSA",70.89,"3"
"023","ATZITZINTLA",410,196,1355,4,70,2035,6322,20.15,9.63,66.58,0.2,3.44,32.19,67.81,"MIGUEL_BARBOSA",66.58,"3"
"024","AXUTLA",26,30,139,1,5,201,1063,12.94,14.93,69.15,0.5,2.49,18.91,81.09,"MIGUEL_BARBOSA",69.15,"3"
"025","AYOTOXCO DE GUERRERO",1059,246,847,2,75,2229,5979,47.51,11.04,38,0.09,3.36,37.28,62.72,"ALBERTO_JIMENEZ",47.51,"1"
"026","CALPAN",1531,854,869,1,143,3398,10695,45.06,25.13,25.57,0.03,4.21,31.77,68.23,"ALBERTO_JIMENEZ",45.06,"1"
"027","CALTEPEC",418,508,789,0,38,1753,3556,23.84,28.98,45.01,0,2.17,49.3,50.7,"MIGUEL_BARBOSA",45.01,"3"
"028","CAMOCUAUTLA",343,412,439,0,42,1236,1884,27.75,33.33,35.52,0,3.4,65.61,34.39,"MIGUEL_BARBOSA",35.52,"3"
"029","CAÃ‘ADA MORELOS",3317,1663,3068,0,308,8356,14083,39.7,19.9,36.72,0,3.69,59.33,40.67,"ALBERTO_JIMENEZ",39.7,"1"
"030","CAXHUACAN",135,64,1104,0,53,1356,2833,9.96,4.72,81.42,0,3.91,47.86,52.14,"MIGUEL_BARBOSA",81.42,"3"
"031","COATEPEC",44,11,401,0,7,463,721,9.5,2.38,86.61,0,1.51,64.22,35.78,"MIGUEL_BARBOSA",86.61,"3"
"032","COATZINGO",299,61,327,0,30,717,2266,41.7,8.51,45.61,0,4.18,31.64,68.36,"MIGUEL_BARBOSA",45.61,"3"
"033","COHETZALA",65,10,493,0,10,578,1178,11.25,1.73,85.29,0,1.73,49.07,50.93,"MIGUEL_BARBOSA",85.29,"3"
"034","COHUECAN",390,247,738,1,47,1423,3681,27.41,17.36,51.86,0.07,3.3,38.66,61.34,"MIGUEL_BARBOSA",51.86,"3"
"035","CORONANGO",1276,3670,3508,8,235,8697,38063,14.67,42.2,40.34,0.09,2.7,22.85,77.15,"ENRIQUE_CARDENAS",42.2,"2"
"036","COXCATLAN",495,832,3572,4,176,5079,14912,9.75,16.38,70.33,0.08,3.47,34.06,65.94,"MIGUEL_BARBOSA",70.33,"3"
"037","COYOMEAPAN",1531,397,4559,5,288,6780,9101,22.58,5.86,67.24,0.07,4.25,74.5,25.5,"MIGUEL_BARBOSA",67.24,"3"
"038","COYOTEPEC",306,145,426,0,29,906,1970,33.77,16,47.02,0,3.2,45.99,54.01,"MIGUEL_BARBOSA",47.02,"3"
"039","CUAPIAXTLA DE MADERO",299,282,483,4,49,1117,6183,26.77,25.25,43.24,0.36,4.39,18.07,81.93,"MIGUEL_BARBOSA",43.24,"3"
"040","CUAUTEMPAN",856,275,2216,32,166,3545,6859,24.15,7.76,62.51,0.9,4.68,51.68,48.32,"MIGUEL_BARBOSA",62.51,"3"
"041","CUAUTINCHAN",682,355,935,0,68,2040,7096,33.43,17.4,45.83,0,3.33,28.75,71.25,"MIGUEL_BARBOSA",45.83,"3"
"042","CUAUTLANCINGO",2119,12289,7634,16,519,22577,73265,9.39,54.43,33.81,0.07,2.3,30.82,69.18,"ENRIQUE_CARDENAS",54.43,"2"
"043","CUAYUCA DE ANDRADE",236,73,948,0,24,1281,2788,18.42,5.7,74,0,1.87,45.95,54.05,"MIGUEL_BARBOSA",74,"3"
"044","CUETZALAN DEL PROGRESO",6094,1670,4751,8,684,13207,32522,46.14,12.64,35.97,0.06,5.18,40.61,59.39,"ALBERTO_JIMENEZ",46.14,"1"
"045","CUYOACO",1049,533,2472,0,186,4240,11495,24.74,12.57,58.3,0,4.39,36.89,63.11,"MIGUEL_BARBOSA",58.3,"3"
"046","CHALCHICOMULA DE SESMA",3961,2885,4638,3,454,11941,33657,33.17,24.16,38.84,0.03,3.8,35.48,64.52,"MIGUEL_BARBOSA",38.84,"3"
"047","CHAPULCO",505,333,766,1,23,1628,5044,31.02,20.45,47.05,0.06,1.41,32.28,67.72,"MIGUEL_BARBOSA",47.05,"3"
"048","CHIAUTLA",758,404,4027,5,117,5311,16532,14.27,7.61,75.82,0.09,2.2,32.13,67.87,"MIGUEL_BARBOSA",75.82,"3"
"049","CHIAUTZINGO",1138,918,1069,0,116,3241,14581,35.11,28.32,32.98,0,3.58,22.23,77.77,"ALBERTO_JIMENEZ",35.11,"1"
"050","CHICONCUAUTLA",933,562,2780,4,469,4748,10638,19.65,11.84,58.55,0.08,9.88,44.63,55.37,"MIGUEL_BARBOSA",58.55,"3"
"051","CHICHIQUILA",1739,964,2619,0,230,5552,15019,31.32,17.36,47.17,0,4.14,36.97,63.03,"MIGUEL_BARBOSA",47.17,"3"
"052","CHIETLA",605,1022,7845,2,227,9701,27900,6.24,10.53,80.87,0.02,2.34,34.77,65.23,"MIGUEL_BARBOSA",80.87,"3"
"053","CHIGMECATITLAN",83,97,351,0,13,544,1117,15.26,17.83,64.52,0,2.39,48.7,51.3,"MIGUEL_BARBOSA",64.52,"3"
"054","CHIGNAHUAPAN",5214,2442,9025,14,746,17441,45179,29.9,14,51.75,0.08,4.28,38.6,61.4,"MIGUEL_BARBOSA",51.75,"3"
"055","CHIGNAUTLA",1275,1399,2219,0,281,5174,21747,24.64,27.04,42.89,0,5.43,23.79,76.21,"MIGUEL_BARBOSA",42.89,"3"
"056","CHILA",443,202,728,0,34,1407,3997,31.49,14.36,51.74,0,2.42,35.2,64.8,"MIGUEL_BARBOSA",51.74,"3"
"057","CHILA DE LA SAL",44,29,542,0,14,629,1227,7,4.61,86.17,0,2.23,51.26,48.74,"MIGUEL_BARBOSA",86.17,"3"
"058","HONEY",452,267,472,1,56,1248,5127,36.22,21.39,37.82,0.08,4.49,24.34,75.66,"MIGUEL_BARBOSA",37.82,"3"
"059","CHILCHOTLA",1147,539,1029,3,116,2834,12340,40.47,19.02,36.31,0.11,4.09,22.97,77.03,"ALBERTO_JIMENEZ",40.47,"1"
"060","CHINANTLA",75,77,280,0,10,442,2354,16.97,17.42,63.35,0,2.26,18.78,81.22,"MIGUEL_BARBOSA",63.35,"3"
"061","DOMINGO ARENAS",530,269,458,1,35,1293,5125,40.99,20.8,35.42,0.08,2.71,25.23,74.77,"ALBERTO_JIMENEZ",40.99,"1"
"062","ELOXOCHITLAN",325,259,5975,1,144,6704,8871,4.85,3.86,89.13,0.01,2.15,75.57,24.43,"MIGUEL_BARBOSA",89.13,"3"
"063","EPATLAN",390,331,428,6,32,1187,3700,32.86,27.89,36.06,0.51,2.7,32.08,67.92,"MIGUEL_BARBOSA",36.06,"3"
"064","ESPERANZA",489,672,1900,2,104,3167,10240,15.44,21.22,59.99,0.06,3.28,30.93,69.07,"MIGUEL_BARBOSA",59.99,"3"
"065","FRANCISCO Z. MENA",617,1053,2587,2,145,4404,12888,14.01,23.91,58.74,0.05,3.29,34.17,65.83,"MIGUEL_BARBOSA",58.74,"3"
"066","GENERAL FELIPE ANGELES",926,1012,1619,2,86,3645,14425,25.4,27.76,44.42,0.05,2.36,25.27,74.73,"MIGUEL_BARBOSA",44.42,"3"
"067","GUADALUPE",123,176,1340,0,52,1691,5439,7.27,10.41,79.24,0,3.08,31.09,68.91,"MIGUEL_BARBOSA",79.24,"3"
"068","GUADALUPE VICTORIA",433,498,3569,1,215,4716,11684,9.18,10.56,75.68,0.02,4.56,40.36,59.64,"MIGUEL_BARBOSA",75.68,"3"
"069","HERMENEGILDO GALEANA",790,778,916,9,134,2627,5446,30.07,29.62,34.87,0.34,5.1,48.24,51.76,"MIGUEL_BARBOSA",34.87,"3"
"070","HUAQUECHULA",1695,1128,4194,3,234,7254,20728,23.37,15.55,57.82,0.04,3.23,35,65,"MIGUEL_BARBOSA",57.82,"3"
"071","HUATLATLAUCA",396,467,1110,0,62,2035,5043,19.46,22.95,54.55,0,3.05,40.35,59.65,"MIGUEL_BARBOSA",54.55,"3"
"072","HUAUCHINANGO",4575,4167,11390,28,1195,21355,72544,21.42,19.51,53.34,0.13,5.6,29.44,70.56,"MIGUEL_BARBOSA",53.34,"3"
"073","HUEHUETLA",1328,159,2167,1,109,3764,7384,35.28,4.22,57.57,0.03,2.9,50.98,49.02,"MIGUEL_BARBOSA",57.57,"3"
"074","HUEHUETLA",205,37,447,0,14,703,1735,29.16,5.26,63.58,0,1.99,40.52,59.48,"MIGUEL_BARBOSA",63.58,"3"
"074","HUEHUETLAN EL CHICO",284,246,1991,2,84,2607,7350,10.89,9.44,76.37,0.08,3.22,35.47,64.53,"MIGUEL_BARBOSA",76.37,"3"
"075","HUEHUETLAN EL GRANDE",340,306,1004,0,40,1690,6071,20.12,18.11,59.41,0,2.37,27.84,72.16,"MIGUEL_BARBOSA",59.41,"3"
"076","HUEHUETLA",276,13,338,0,22,649,1238,42.53,2,52.08,0,3.39,52.42,47.58,"MIGUEL_BARBOSA",52.08,"3"
"076","HUEJOTZINGO",2186,4807,6904,8,426,14331,55557,15.25,33.54,48.18,0.06,2.97,25.8,74.2,"MIGUEL_BARBOSA",48.18,"3"
"077","HUEYAPAN",1284,376,1808,1,140,3609,8437,35.58,10.42,50.1,0.03,3.88,42.78,57.22,"MIGUEL_BARBOSA",50.1,"3"
"078","HUEYTAMALCO",2839,934,3398,2,335,7508,19797,37.81,12.44,45.26,0.03,4.46,37.92,62.08,"MIGUEL_BARBOSA",45.26,"3"
"079","HUEYTLALPAN",1144,192,583,0,133,2052,4172,55.75,9.36,28.41,0,6.48,49.19,50.81,"ALBERTO_JIMENEZ",55.75,"1"
"080","HUITZILAN DE SERDAN",1394,202,1506,1,193,3296,9721,42.29,6.13,45.69,0.03,5.86,33.91,66.09,"MIGUEL_BARBOSA",45.69,"3"
"081","HUITZILTEPEC",434,213,750,0,30,1427,4102,30.41,14.93,52.56,0,2.1,34.79,65.21,"MIGUEL_BARBOSA",52.56,"3"
"082","ATLEQUIZAYAN",10,21,573,0,18,622,1886,1.61,3.38,92.12,0,2.89,32.98,67.02,"MIGUEL_BARBOSA",92.12,"3"
"083","IXCAMILPA DE GUERRERO",293,52,534,0,15,894,3078,32.77,5.82,59.73,0,1.68,29.04,70.96,"MIGUEL_BARBOSA",59.73,"3"
"084","IXCAQUIXTLA",974,280,1304,0,64,2622,5997,37.15,10.68,49.73,0,2.44,43.72,56.28,"MIGUEL_BARBOSA",49.73,"3"
"085","IXTACAMAXTITLAN",3973,627,3199,3,346,8148,18057,48.76,7.7,39.26,0.04,4.25,45.12,54.88,"ALBERTO_JIMENEZ",48.76,"1"
"086","IXTEPEC",944,212,866,4,93,2119,4896,44.55,10,40.87,0.19,4.39,43.28,56.72,"ALBERTO_JIMENEZ",44.55,"1"
"087","IZUCAR DE MATAMOROS",1940,2864,10754,19,520,16097,58786,12.05,17.79,66.81,0.12,3.23,27.38,72.62,"MIGUEL_BARBOSA",66.81,"3"
"088","JALPAN",421,364,2308,112,118,3323,9217,12.67,10.95,69.46,3.37,3.55,36.05,63.95,"MIGUEL_BARBOSA",69.46,"3"
"089","JOLALPAN",458,196,3462,0,103,4219,9343,10.86,4.65,82.06,0,2.44,45.16,54.84,"MIGUEL_BARBOSA",82.06,"3"
"090","JONOTLA",628,124,921,1,59,1733,3470,36.24,7.16,53.14,0.06,3.4,49.94,50.06,"MIGUEL_BARBOSA",53.14,"3"
"091","JOPALA",264,799,1844,0,138,3045,9193,8.67,26.24,60.56,0,4.53,33.12,66.88,"MIGUEL_BARBOSA",60.56,"3"
"092","JUAN C. BONILLA",594,1654,1890,3,112,4253,17101,13.97,38.89,44.44,0.07,2.63,24.87,75.13,"MIGUEL_BARBOSA",44.44,"3"
"093","JUAN GALINDO",349,370,1100,1,72,1892,5892,18.45,19.56,58.14,0.05,3.81,32.11,67.89,"MIGUEL_BARBOSA",58.14,"3"
"094","JUAN N. MENDEZ",152,60,1144,0,34,1390,3896,10.94,4.32,82.3,0,2.45,35.68,64.32,"MIGUEL_BARBOSA",82.3,"3"
"095","LAFRAGUA",446,232,1091,0,31,1800,5752,24.78,12.89,60.61,0,1.72,31.29,68.71,"MIGUEL_BARBOSA",60.61,"3"
"096","LIBRES",1177,1247,5080,5,295,7804,23527,15.08,15.98,65.09,0.06,3.78,33.17,66.83,"MIGUEL_BARBOSA",65.09,"3"
"097","LA MAGDALENA TLATLAUQUITEPEC",37,33,128,0,3,201,479,18.41,16.42,63.68,0,1.49,41.96,58.04,"MIGUEL_BARBOSA",63.68,"3"
"098","MAZAPILTEPEC DE JUAREZ",620,378,557,0,42,1597,2154,38.82,23.67,34.88,0,2.63,74.14,25.86,"ALBERTO_JIMENEZ",38.82,"1"
"099","MIXTLA",159,109,329,1,25,623,1787,25.52,17.5,52.81,0.16,4.01,34.86,65.14,"MIGUEL_BARBOSA",52.81,"3"
"100","MOLCAXAC",357,173,1261,2,27,1820,4918,19.62,9.51,69.29,0.11,1.48,37.01,62.99,"MIGUEL_BARBOSA",69.29,"3"
"101","NAUPAN",1212,524,1800,4,192,3732,6774,32.48,14.04,48.23,0.11,5.14,55.09,44.91,"MIGUEL_BARBOSA",48.23,"3"
"102","NAUZONTLA",265,103,632,2,74,1076,2671,24.63,9.57,58.74,0.19,6.88,40.28,59.72,"MIGUEL_BARBOSA",58.74,"3"
"103","NEALTICAN",526,1244,1116,1,61,2948,8887,17.84,42.2,37.86,0.03,2.07,33.17,66.83,"ENRIQUE_CARDENAS",42.2,"2"
"104","NICOLAS BRAVO",391,172,574,0,23,1160,4731,33.71,14.83,49.48,0,1.98,24.52,75.48,"MIGUEL_BARBOSA",49.48,"3"
"105","NOPALUCAN",949,769,1544,1,95,3358,17747,28.26,22.9,45.98,0.03,2.83,18.92,81.08,"MIGUEL_BARBOSA",45.98,"3"
"106","OCOTEPEC",250,304,526,1,57,1138,3619,21.97,26.71,46.22,0.09,5.01,31.45,68.55,"MIGUEL_BARBOSA",46.22,"3"
"107","OCOYUCAN",4639,5650,3932,4,410,14635,25115,31.7,38.61,26.87,0.03,2.8,58.27,41.73,"ENRIQUE_CARDENAS",38.61,"2"
"108","OLINTLA",1131,923,2792,8,188,5042,8213,22.43,18.31,55.37,0.16,3.73,61.39,38.61,"MIGUEL_BARBOSA",55.37,"3"
"109","ORIENTAL",845,744,2189,3,164,3945,11849,21.42,18.86,55.49,0.08,4.16,33.29,66.71,"MIGUEL_BARBOSA",55.49,"3"
"110","PAHUATLAN",510,590,2917,23,194,4234,13861,12.05,13.93,68.89,0.54,4.58,30.55,69.45,"MIGUEL_BARBOSA",68.89,"3"
"111","PALMAR DE BRAVO",1940,2836,3473,23,331,8603,30093,22.55,32.97,40.37,0.27,3.85,28.59,71.41,"MIGUEL_BARBOSA",40.37,"3"
"112","PANTEPEC",434,979,4977,5,192,6587,14021,6.59,14.86,75.56,0.08,2.91,46.98,53.02,"MIGUEL_BARBOSA",75.56,"3"
"113","PETLALCINGO",426,484,955,2,66,1933,7091,22.04,25.04,49.41,0.1,3.41,27.26,72.74,"MIGUEL_BARBOSA",49.41,"3"
"114","PIAXTLA",256,108,533,0,13,910,4106,28.13,11.87,58.57,0,1.43,22.16,77.84,"MIGUEL_BARBOSA",58.57,"3"
"115","PUEBLA",51951,229017,161931,771,15698,459368,1299450,11.31,49.85,35.25,0.17,3.42,35.35,64.65,"ENRIQUE_CARDENAS",49.85,"2"
"116","QUECHOLAC",2268,2233,8979,5,503,13988,34379,16.21,15.96,64.19,0.04,3.6,40.69,59.31,"MIGUEL_BARBOSA",64.19,"3"
"117","QUIMIXTLAN",960,1121,1976,0,119,4176,13485,22.99,26.84,47.32,0,2.85,30.97,69.03,"MIGUEL_BARBOSA",47.32,"3"
"118","RAFAEL LARA GRAJALES",453,883,1530,1,146,3013,13464,15.03,29.31,50.78,0.03,4.85,22.38,77.62,"MIGUEL_BARBOSA",50.78,"3"
"119","LOS REYES DE JUAREZ",1432,1105,1767,0,134,4438,17486,32.27,24.9,39.82,0,3.02,25.38,74.62,"MIGUEL_BARBOSA",39.82,"3"
"120","SAN ANDRES CHOLULA",2557,23498,8690,16,764,35525,94615,7.2,66.14,24.46,0.05,2.15,37.55,62.45,"ENRIQUE_CARDENAS",66.14,"2"
"121","SAN ANTONIO CANADA",500,175,488,0,25,1188,3820,42.09,14.73,41.08,0,2.1,31.1,68.9,"ALBERTO_JIMENEZ",42.09,"1"
"122","SAN DIEGO LA MESA TOCHIMILTZINGO",106,37,429,0,12,584,913,18.15,6.34,73.46,0,2.05,63.96,36.04,"MIGUEL_BARBOSA",73.46,"3"
"123","SAN FELIPE TEOTLALCINGO",414,387,535,1,55,1392,7489,29.74,27.8,38.43,0.07,3.95,18.59,81.41,"MIGUEL_BARBOSA",38.43,"3"
"124","SAN FELIPE TEPATLAN",347,50,1243,0,82,1722,2858,20.15,2.9,72.18,0,4.76,60.25,39.75,"MIGUEL_BARBOSA",72.18,"3"
"125","SAN GABRIEL CHILAC",853,810,1990,1,89,3743,11178,22.79,21.64,53.17,0.03,2.38,33.49,66.51,"MIGUEL_BARBOSA",53.17,"3"
"126","SAN GREGORIO ATZOMPA",177,1538,435,2,54,2206,7108,8.02,69.72,19.72,0.09,2.45,31.04,68.96,"ENRIQUE_CARDENAS",69.72,"2"
"127","SAN JERONIMO TECUANIPAN",215,361,531,0,40,1147,4233,18.74,31.47,46.29,0,3.49,27.1,72.9,"MIGUEL_BARBOSA",46.29,"3"
"128","SAN JERONIMO XAYACATLAN",259,103,795,0,61,1218,3202,21.26,8.46,65.27,0,5.01,38.04,61.96,"MIGUEL_BARBOSA",65.27,"3"
"129","SAN JOSE CHIAPA",532,480,1117,1,66,2196,6551,24.23,21.86,50.87,0.05,3.01,33.52,66.48,"MIGUEL_BARBOSA",50.87,"3"
"130","SAN JOSE MIAHUATLAN",1082,539,2145,0,74,3840,9794,28.18,14.04,55.86,0,1.93,39.21,60.79,"MIGUEL_BARBOSA",55.86,"3"
"131","SAN JUAN ATENCO",147,257,501,0,30,935,2921,15.72,27.49,53.58,0,3.21,32.01,67.99,"MIGUEL_BARBOSA",53.58,"3"
"132","SAN JUAN ATZOMPA",81,44,204,0,2,331,778,24.47,13.29,61.63,0,0.6,42.54,57.46,"MIGUEL_BARBOSA",61.63,"3"
"133","SAN MARTIN TEXMELUCAN",3952,9679,10675,33,973,25312,111835,15.61,38.24,42.17,0.13,3.84,22.63,77.37,"MIGUEL_BARBOSA",42.17,"3"
"134","SAN MARTIN TOTOLTEPEC",55,30,154,0,7,246,612,22.36,12.2,62.6,0,2.85,40.2,59.8,"MIGUEL_BARBOSA",62.6,"3"
"135","SAN MATIAS TLALANCALECA",871,1308,1335,5,115,3634,15293,23.97,35.99,36.74,0.14,3.16,23.76,76.24,"MIGUEL_BARBOSA",36.74,"3"
"136","SAN MIGUEL IXITLAN",122,40,50,0,1,213,475,57.28,18.78,23.47,0,0.47,44.84,55.16,"ALBERTO_JIMENEZ",57.28,"1"
"137","SAN MIGUEL XOXTLA",433,1163,928,1,55,2580,8944,16.78,45.08,35.97,0.04,2.13,28.85,71.15,"ENRIQUE_CARDENAS",45.08,"2"
"138","SAN NICOLAS BUENOS AIRES",1205,332,1289,0,71,2897,7429,41.59,11.46,44.49,0,2.45,39,61,"MIGUEL_BARBOSA",44.49,"3"
"139","SAN NICOLAS DE LOS RANCHOS",445,418,1312,0,43,2218,8112,20.06,18.85,59.15,0,1.94,27.34,72.66,"MIGUEL_BARBOSA",59.15,"3"
"140","SAN PABLO ANICANO",198,58,664,0,18,938,2914,21.11,6.18,70.79,0,1.92,32.19,67.81,"MIGUEL_BARBOSA",70.79,"3"
"141","SAN PEDRO CHOLULA",3894,22363,11167,34,945,38403,104770,10.14,58.23,29.08,0.09,2.46,36.65,63.35,"ENRIQUE_CARDENAS",58.23,"2"
"142","SAN PEDRO YELOIXTLAHUACA",155,156,675,1,25,1012,2859,15.32,15.42,66.7,0.1,2.47,35.4,64.6,"MIGUEL_BARBOSA",66.7,"3"
"143","SAN SALVADOR EL SECO",1697,1829,2313,1,262,6102,20615,27.81,29.97,37.91,0.02,4.29,29.6,70.4,"MIGUEL_BARBOSA",37.91,"3"
"144","SAN SALVADOR EL VERDE",1244,1207,2383,3,162,4999,22671,24.88,24.14,47.67,0.06,3.24,22.05,77.95,"MIGUEL_BARBOSA",47.67,"3"
"145","SAN SALVADOR HUIXCOLOTLA",371,433,805,0,22,1631,9529,22.75,26.55,49.36,0,1.35,17.12,82.88,"MIGUEL_BARBOSA",49.36,"3"
"146","SANTA CATARINA TLALTEMPAN",131,38,216,0,10,395,744,33.16,9.62,54.68,0,2.53,53.09,46.91,"MIGUEL_BARBOSA",54.68,"3"
"147","SANTA INES AHUATEMPAN",1166,201,986,2,41,2396,4567,48.66,8.39,41.15,0.08,1.71,52.46,47.54,"ALBERTO_JIMENEZ",48.66,"1"
"148","SANTA ISABEL CHOLULA",298,495,864,0,50,1707,7815,17.46,29,50.62,0,2.93,21.84,78.16,"MIGUEL_BARBOSA",50.62,"3"
"149","SANTIAGO MIAHUATLAN",511,1320,2217,2,128,4178,17759,12.23,31.59,53.06,0.05,3.06,23.53,76.47,"MIGUEL_BARBOSA",53.06,"3"
"150","SANTO TOMAS HUEYOTLIPAN",224,447,914,0,34,1619,6215,13.84,27.61,56.45,0,2.1,26.05,73.95,"MIGUEL_BARBOSA",56.45,"3"
"151","SOLTEPEC",476,302,853,1,50,1682,8932,28.3,17.95,50.71,0.06,2.97,18.83,81.17,"MIGUEL_BARBOSA",50.71,"3"
"152","TECALI DE HERRERA",815,1214,1793,3,152,3977,15438,20.49,30.53,45.08,0.08,3.82,25.76,74.24,"MIGUEL_BARBOSA",45.08,"3"
"153","TECAMACHALCO",2400,4452,7047,6,367,14272,54585,16.82,31.19,49.38,0.04,2.57,26.15,73.85,"MIGUEL_BARBOSA",49.38,"3"
"154","TECOMATLAN",1050,79,333,0,28,1490,4788,70.47,5.3,22.35,0,1.88,31.12,68.88,"ALBERTO_JIMENEZ",70.47,"1"
"155","TEHUACAN",5934,18373,32603,43,1715,58668,220952,10.11,31.32,55.57,0.07,2.92,26.55,73.45,"MIGUEL_BARBOSA",55.57,"3"
"156","TEHUITZINGO",1216,221,1533,0,53,3023,9728,40.22,7.31,50.71,0,1.75,31.08,68.92,"MIGUEL_BARBOSA",50.71,"3"
"157","TENAMPULCO",901,232,1195,1,104,2433,5348,37.03,9.54,49.12,0.04,4.27,45.49,54.51,"MIGUEL_BARBOSA",49.12,"3"
"158","TEOPANTLAN",159,569,576,1,54,1359,3482,11.7,41.87,42.38,0.07,3.97,39.03,60.97,"MIGUEL_BARBOSA",42.38,"3"
"159","TEOTLALCO",211,65,752,0,34,1062,2548,19.87,6.12,70.81,0,3.2,41.68,58.32,"MIGUEL_BARBOSA",70.81,"3"
"160","TEPANCO DE LOPEZ",435,990,2361,1,96,3883,15470,11.2,25.5,60.8,0.03,2.47,25.1,74.9,"MIGUEL_BARBOSA",60.8,"3"
"161","TEPANGO DE RODRIGUEZ",300,151,768,0,78,1297,2913,23.13,11.64,59.21,0,6.01,44.52,55.48,"MIGUEL_BARBOSA",59.21,"3"
"162","TEPATLAXCO DE HIDALGO",586,1070,1111,3,53,2823,12026,20.76,37.9,39.36,0.11,1.88,23.47,76.53,"MIGUEL_BARBOSA",39.36,"3"
"163","TEPEACA",3207,4547,9820,11,595,18180,56128,17.64,25.01,54.02,0.06,3.27,32.39,67.61,"MIGUEL_BARBOSA",54.02,"3"
"164","TEPEMAXALCO",68,12,192,0,11,283,887,24.03,4.24,67.84,0,3.89,31.91,68.09,"MIGUEL_BARBOSA",67.84,"3"
"165","TEPEOJUMA",2001,510,2109,1,148,4769,6887,41.96,10.69,44.22,0.02,3.1,69.25,30.75,"MIGUEL_BARBOSA",44.22,"3"
"166","TEPETZINTLA",723,299,1173,2,154,2351,7180,30.75,12.72,49.89,0.09,6.55,32.74,67.26,"MIGUEL_BARBOSA",49.89,"3"
"167","TEPEXCO",306,132,1258,0,55,1751,4995,17.48,7.54,71.84,0,3.14,35.06,64.94,"MIGUEL_BARBOSA",71.84,"3"
"168","TEPEXI DE RODRIGUEZ",1820,722,3342,4,190,6078,14662,29.94,11.88,54.99,0.07,3.13,41.45,58.55,"MIGUEL_BARBOSA",54.99,"3"
"169","TEPEYAHUALCO",722,681,2436,2,144,3985,12507,18.12,17.09,61.13,0.05,3.61,31.86,68.14,"MIGUEL_BARBOSA",61.13,"3"
"170","TEPEYAHUALCO DE CUAUHTEMOC",179,238,553,0,27,997,2781,17.95,23.87,55.47,0,2.71,35.85,64.15,"MIGUEL_BARBOSA",55.47,"3"
"171","TETELA DE OCAMPO",4342,579,3324,6,440,8691,19006,49.96,6.66,38.25,0.07,5.06,45.73,54.27,"ALBERTO_JIMENEZ",49.96,"1"
"172","TETELES DE AVILA CASTILLO",212,299,1100,0,77,1688,4456,12.56,17.71,65.17,0,4.56,37.88,62.12,"MIGUEL_BARBOSA",65.17,"3"
"173","TEZIUTLAN",2981,7155,10550,9,795,21490,72874,13.87,33.29,49.09,0.04,3.7,29.49,70.51,"MIGUEL_BARBOSA",49.09,"3"
"174","TIANGUISMANALCO",560,527,1423,2,73,2585,8279,21.66,20.39,55.05,0.08,2.82,31.22,68.78,"MIGUEL_BARBOSA",55.05,"3"
"175","TILAPA",228,278,1549,1,366,2422,6915,9.41,11.48,63.96,0.04,15.11,35.03,64.97,"MIGUEL_BARBOSA",63.96,"3"
"176","TLACOTEPEC DE BENITO JUAREZ",1649,1983,3968,7,219,7826,35717,21.07,25.34,50.7,0.09,2.8,21.91,78.09,"MIGUEL_BARBOSA",50.7,"3"
"177","SAN SEBASTIAN TLACOTEPEC",462,357,3917,0,132,4868,8311,9.49,7.33,80.46,0,2.71,58.57,41.43,"MIGUEL_BARBOSA",80.46,"3"
"178","TLACUILOTEPEC",1132,815,2501,0,241,4689,11723,24.14,17.38,53.34,0,5.14,40,60,"MIGUEL_BARBOSA",53.34,"3"
"179","TLACHICHUCA",3292,991,3109,3,223,7618,20966,43.21,13.01,40.81,0.04,2.93,36.34,63.66,"ALBERTO_JIMENEZ",43.21,"1"
"180","TLAHUAPAN",3801,1206,2929,16,234,8186,28553,46.43,14.73,35.78,0.2,2.86,28.67,71.33,"ALBERTO_JIMENEZ",46.43,"1"
"181","TLALTENANGO",209,299,438,0,58,1004,4794,20.82,29.78,43.63,0,5.78,20.94,79.06,"MIGUEL_BARBOSA",43.63,"3"
"182","TLANEPANTLA",399,223,335,1,198,1156,3529,34.52,19.29,28.98,0.09,17.13,32.76,67.24,"ALBERTO_JIMENEZ",34.52,"1"
"183","TLAOLA",1410,1298,4234,0,268,7210,14458,19.56,18,58.72,0,3.72,49.87,50.13,"MIGUEL_BARBOSA",58.72,"3"
"184","TLAPACOYA",215,140,1698,3,83,2139,3992,10.05,6.55,79.38,0.14,3.88,53.58,46.42,"MIGUEL_BARBOSA",79.38,"3"
"185","TLAPANALA",600,311,1376,2,79,2368,7655,25.34,13.13,58.11,0.08,3.34,30.93,69.07,"MIGUEL_BARBOSA",58.11,"3"
"186","TLATLAUQUITEPEC",2810,2827,6510,2,689,12838,38203,21.89,22.02,50.71,0.02,5.37,33.6,66.4,"MIGUEL_BARBOSA",50.71,"3"
"187","TLAXCO",166,246,1372,1,70,1855,3732,8.95,13.26,73.96,0.05,3.77,49.71,50.29,"MIGUEL_BARBOSA",73.96,"3"
"188","TOCHIMILCO",1074,1332,1567,1,191,4165,13068,25.79,31.98,37.62,0.02,4.59,31.87,68.13,"MIGUEL_BARBOSA",37.62,"3"
"189","TOCHTEPEC",680,905,2434,1,82,4102,14481,16.58,22.06,59.34,0.02,2,28.33,71.67,"MIGUEL_BARBOSA",59.34,"3"
"190","TOTOLTEPEC DE GUERRERO",83,52,340,0,5,480,953,17.29,10.83,70.83,0,1.04,50.37,49.63,"MIGUEL_BARBOSA",70.83,"3"
"191","TULCINGO",295,127,1644,0,56,2122,7628,13.9,5.98,77.47,0,2.64,27.82,72.18,"MIGUEL_BARBOSA",77.47,"3"
"192","TUZAMAPAN DE GALEANA",320,186,1336,0,55,1897,4469,16.87,9.8,70.43,0,2.9,42.45,57.55,"MIGUEL_BARBOSA",70.43,"3"
"193","TZICATLACOYAN",775,175,533,1,27,1511,5131,51.29,11.58,35.27,0.07,1.79,29.45,70.55,"ALBERTO_JIMENEZ",51.29,"1"
"194","VENUSTIANO CARRANZA",230,4417,5979,5,319,10950,20778,2.1,40.34,54.6,0.05,2.91,52.7,47.3,"MIGUEL_BARBOSA",54.6,"3"
"195","VICENTE GUERRERO",1777,3240,3679,2,328,9026,17134,19.69,35.9,40.76,0.02,3.63,52.68,47.32,"MIGUEL_BARBOSA",40.76,"3"
"196","XAYACATLAN DE BRAVO",66,29,349,0,18,462,1385,14.29,6.28,75.54,0,3.9,33.36,66.64,"MIGUEL_BARBOSA",75.54,"3"
"197","XICOTEPEC",3989,5408,7852,9,864,18122,56238,22.01,29.84,43.33,0.05,4.77,32.22,67.78,"MIGUEL_BARBOSA",43.33,"3"
"198","XICOTLAN",140,103,331,0,16,590,1075,23.73,17.46,56.1,0,2.71,54.88,45.12,"MIGUEL_BARBOSA",56.1,"3"
"199","XIUTETELCO",2270,1810,3152,2,358,7592,27204,29.9,23.84,41.52,0.03,4.72,27.91,72.09,"MIGUEL_BARBOSA",41.52,"3"
"200","XOCHIAPULCO",408,85,636,0,53,1182,2783,34.52,7.19,53.81,0,4.48,42.47,57.53,"MIGUEL_BARBOSA",53.81,"3"
"201","XOCHILTEPEC",80,124,307,0,21,532,2516,15.04,23.31,57.71,0,3.95,21.14,78.86,"MIGUEL_BARBOSA",57.71,"3"
"202","XOCHITLAN DE VICENTE SUAREZ",1978,273,1251,3,189,3694,8630,53.55,7.39,33.87,0.08,5.12,42.8,57.2,"ALBERTO_JIMENEZ",53.55,"1"
"203","XOCHITLAN TODOS SANTOS",602,228,749,1,22,1602,4698,37.58,14.23,46.75,0.06,1.37,34.1,65.9,"MIGUEL_BARBOSA",46.75,"3"
"204","YAONAHUAC",409,181,1575,0,68,2233,5600,18.32,8.11,70.53,0,3.05,39.88,60.12,"MIGUEL_BARBOSA",70.53,"3"
"205","YEHUALTEPEC",965,937,2564,3,111,4580,16922,21.07,20.46,55.98,0.07,2.42,27.07,72.93,"MIGUEL_BARBOSA",55.98,"3"
"206","ZACAPALA",174,106,642,1,25,948,3348,18.35,11.18,67.72,0.11,2.64,28.32,71.68,"MIGUEL_BARBOSA",67.72,"3"
"207","ZACAPOAXTLA",3789,2431,4753,4,620,11597,38664,32.67,20.96,40.98,0.03,5.35,29.99,70.01,"MIGUEL_BARBOSA",40.98,"3"
"208","ZACATLAN",5834,4643,9015,13,953,20458,60465,28.52,22.7,44.07,0.06,4.66,33.83,66.17,"MIGUEL_BARBOSA",44.07,"3"
"209","ZAPOTITLAN",261,373,2054,1,69,2758,6773,9.46,13.52,74.47,0.04,2.5,40.72,59.28,"MIGUEL_BARBOSA",74.47,"3"
"210","ZAPOTITLAN DE MENDEZ",593,235,972,0,60,1860,4037,31.88,12.63,52.26,0,3.23,46.07,53.93,"MIGUEL_BARBOSA",52.26,"3"
"211","ZARAGOZA",1104,697,2114,5,161,4081,11654,27.05,17.08,51.8,0.12,3.95,35.02,64.98,"MIGUEL_BARBOSA",51.8,"3"
"212","ZAUTLA",1916,1078,3088,9,265,6356,14058,30.14,16.96,48.58,0.14,4.17,45.21,54.79,"MIGUEL_BARBOSA",48.58,"3"
"213","ZIHUATEUTLA",415,1030,1981,5,207,3638,9538,11.41,28.31,54.45,0.14,5.69,38.14,61.86,"MIGUEL_BARBOSA",54.45,"3"
"214","ZINACATEPEC",648,491,3958,0,93,5190,11722,12.49,9.46,76.26,0,1.79,44.28,55.72,"MIGUEL_BARBOSA",76.26,"3"
"215","ZONGOZOTLA",736,127,731,0,58,1652,3533,44.55,7.69,44.25,0,3.51,46.76,53.24,"ALBERTO_JIMENEZ",44.55,"1"
"216","ZOQUIAPAN",488,72,353,0,44,957,1824,50.99,7.52,36.89,0,4.6,52.47,47.53,"ALBERTO_JIMENEZ",50.99,"1"
"217","ZOQUITLAN",611,2201,1799,4,405,5020,12735,12.17,43.84,35.84,0.08,8.07,39.42,60.58,"ENRIQUE_CARDENAS",43.84,"2"
