"MUNICIPIO","ENRIQUE_CARDENAS_SANCHEZ","ALBERTO_JIMENEZ_MERINO","MIGUEL_BARBOSA_HUERTA","NO_REGISTRADOS","NULOS","TOTAL_VOTOS","LISTA_NOMINAL","ecs_porc","ajm_porc","mbh_porc","no_reg_porc","nulos_porc","abst_porc","GANADOR","PORC_GANADOR","CVE_GANADOR"
"001",2918,3733,3689,6,295,10641,45097,27.42,35.08,34.67,0.06,2.77,23.6,"ALBERTO_JIMENEZ_MERINO",35.08,"3"
"002",224,502,2285,4,90,3105,6978,7.21,16.17,73.59,0.13,2.9,44.5,"MIGUEL_BARBOSA_HUERTA",73.59,"1"
"003",1207,1671,4272,7,203,7360,27749,16.4,22.7,58.04,0.1,2.76,26.52,"MIGUEL_BARBOSA_HUERTA",58.04,"1"
"004",2866,2512,3229,22,221,8850,37475,32.38,28.38,36.49,0.25,2.5,23.62,"MIGUEL_BARBOSA_HUERTA",36.49,"1"
"005",98,282,729,0,54,1163,2333,8.43,24.25,62.68,0,4.64,49.85,"MIGUEL_BARBOSA_HUERTA",62.68,"1"
"006",503,1510,1899,2,198,4112,10356,12.23,36.72,46.18,0.05,4.82,39.71,"MIGUEL_BARBOSA_HUERTA",46.18,"1"
"007",80,525,349,0,21,975,2543,8.21,53.85,35.79,0,2.15,38.34,"ALBERTO_JIMENEZ_MERINO",53.85,"3"
"008",641,1258,1454,1,185,3539,5275,18.11,35.55,41.09,0.03,5.23,67.09,"MIGUEL_BARBOSA_HUERTA",41.09,"1"
"009",19,48,401,0,10,478,1822,3.97,10.04,83.89,0,2.09,26.23,"MIGUEL_BARBOSA_HUERTA",83.89,"1"
"010",3992,1631,9865,5,788,16281,43037,24.52,10.02,60.59,0.03,4.84,37.83,"MIGUEL_BARBOSA_HUERTA",60.59,"1"
"011",54,270,255,1,12,592,1434,9.12,45.61,43.07,0.17,2.03,41.28,"ALBERTO_JIMENEZ_MERINO",45.61,"3"
"012",473,309,725,0,41,1548,4904,30.56,19.96,46.83,0,2.65,31.57,"MIGUEL_BARBOSA_HUERTA",46.83,"1"
"013",548,280,1764,1,40,2633,13741,20.81,10.63,67,0.04,1.52,19.16,"MIGUEL_BARBOSA_HUERTA",67,"1"
"014",120,253,1202,0,85,1660,3522,7.23,15.24,72.41,0,5.12,47.13,"MIGUEL_BARBOSA_HUERTA",72.41,"1"
"015",7421,2678,6585,21,588,17293,70815,42.91,15.49,38.08,0.12,3.4,24.42,"ENRIQUE_CARDENAS_SANCHEZ",42.91,"2"
"016",255,1503,850,2,177,2787,6061,9.15,53.93,30.5,0.07,6.35,45.98,"ALBERTO_JIMENEZ_MERINO",53.93,"3"
"017",735,2898,3342,4,363,7342,18539,10.01,39.47,45.52,0.05,4.94,39.6,"MIGUEL_BARBOSA_HUERTA",45.52,"1"
"018",265,502,382,0,32,1181,2764,22.44,42.51,32.35,0,2.71,42.73,"ALBERTO_JIMENEZ_MERINO",42.51,"3"
"019",12703,4846,12087,38,1054,30728,103532,41.34,15.77,39.34,0.12,3.43,29.68,"ENRIQUE_CARDENAS_SANCHEZ",41.34,"2"
"020",318,484,744,0,29,1575,5021,20.19,30.73,47.24,0,1.84,31.37,"MIGUEL_BARBOSA_HUERTA",47.24,"1"
"021",35,29,333,0,11,408,1070,8.58,7.11,81.62,0,2.7,38.13,"MIGUEL_BARBOSA_HUERTA",81.62,"1"
"022",730,494,3299,0,131,4654,9228,15.69,10.61,70.89,0,2.81,50.43,"MIGUEL_BARBOSA_HUERTA",70.89,"1"
"023",196,410,1355,4,70,2035,6322,9.63,20.15,66.58,0.2,3.44,32.19,"MIGUEL_BARBOSA_HUERTA",66.58,"1"
"024",30,26,139,1,5,201,1063,14.93,12.94,69.15,0.5,2.49,18.91,"MIGUEL_BARBOSA_HUERTA",69.15,"1"
"025",246,1059,847,2,75,2229,5979,11.04,47.51,38,0.09,3.36,37.28,"ALBERTO_JIMENEZ_MERINO",47.51,"3"
"026",854,1531,869,1,143,3398,10695,25.13,45.06,25.57,0.03,4.21,31.77,"ALBERTO_JIMENEZ_MERINO",45.06,"3"
"027",508,418,789,0,38,1753,3556,28.98,23.84,45.01,0,2.17,49.3,"MIGUEL_BARBOSA_HUERTA",45.01,"1"
"028",412,343,439,0,42,1236,1884,33.33,27.75,35.52,0,3.4,65.61,"MIGUEL_BARBOSA_HUERTA",35.52,"1"
"029",1663,3317,3068,0,308,8356,14083,19.9,39.7,36.72,0,3.69,59.33,"ALBERTO_JIMENEZ_MERINO",39.7,"3"
"030",64,135,1104,0,53,1356,2833,4.72,9.96,81.42,0,3.91,47.86,"MIGUEL_BARBOSA_HUERTA",81.42,"1"
"031",11,44,401,0,7,463,721,2.38,9.5,86.61,0,1.51,64.22,"MIGUEL_BARBOSA_HUERTA",86.61,"1"
"032",61,299,327,0,30,717,2266,8.51,41.7,45.61,0,4.18,31.64,"MIGUEL_BARBOSA_HUERTA",45.61,"1"
"033",10,65,493,0,10,578,1178,1.73,11.25,85.29,0,1.73,49.07,"MIGUEL_BARBOSA_HUERTA",85.29,"1"
"034",247,390,738,1,47,1423,3681,17.36,27.41,51.86,0.07,3.3,38.66,"MIGUEL_BARBOSA_HUERTA",51.86,"1"
"035",3670,1276,3508,8,235,8697,38063,42.2,14.67,40.34,0.09,2.7,22.85,"ENRIQUE_CARDENAS_SANCHEZ",42.2,"2"
"036",832,495,3572,4,176,5079,14912,16.38,9.75,70.33,0.08,3.47,34.06,"MIGUEL_BARBOSA_HUERTA",70.33,"1"
"037",397,1531,4559,5,288,6780,9101,5.86,22.58,67.24,0.07,4.25,74.5,"MIGUEL_BARBOSA_HUERTA",67.24,"1"
"038",145,306,426,0,29,906,1970,16,33.77,47.02,0,3.2,45.99,"MIGUEL_BARBOSA_HUERTA",47.02,"1"
"039",282,299,483,4,49,1117,6183,25.25,26.77,43.24,0.36,4.39,18.07,"MIGUEL_BARBOSA_HUERTA",43.24,"1"
"040",275,856,2216,32,166,3545,6859,7.76,24.15,62.51,0.9,4.68,51.68,"MIGUEL_BARBOSA_HUERTA",62.51,"1"
"041",355,682,935,0,68,2040,7096,17.4,33.43,45.83,0,3.33,28.75,"MIGUEL_BARBOSA_HUERTA",45.83,"1"
"042",12289,2119,7634,16,519,22577,72538,54.43,9.39,33.81,0.07,2.3,31.12,"ENRIQUE_CARDENAS_SANCHEZ",54.43,"2"
"043",73,236,948,0,24,1281,2788,5.7,18.42,74,0,1.87,45.95,"MIGUEL_BARBOSA_HUERTA",74,"1"
"044",1670,6094,4751,8,684,13207,32522,12.64,46.14,35.97,0.06,5.18,40.61,"ALBERTO_JIMENEZ_MERINO",46.14,"3"
"045",533,1049,2472,0,186,4240,11495,12.57,24.74,58.3,0,4.39,36.89,"MIGUEL_BARBOSA_HUERTA",58.3,"1"
"046",2885,3961,4638,3,454,11941,33657,24.16,33.17,38.84,0.03,3.8,35.48,"MIGUEL_BARBOSA_HUERTA",38.84,"1"
"047",333,505,766,1,23,1628,5044,20.45,31.02,47.05,0.06,1.41,32.28,"MIGUEL_BARBOSA_HUERTA",47.05,"1"
"048",404,758,4027,5,117,5311,16532,7.61,14.27,75.82,0.09,2.2,32.13,"MIGUEL_BARBOSA_HUERTA",75.82,"1"
"049",918,1138,1069,0,116,3241,14581,28.32,35.11,32.98,0,3.58,22.23,"ALBERTO_JIMENEZ_MERINO",35.11,"3"
"050",562,933,2780,4,469,4748,10638,11.84,19.65,58.55,0.08,9.88,44.63,"MIGUEL_BARBOSA_HUERTA",58.55,"1"
"051",964,1739,2619,0,230,5552,15019,17.36,31.32,47.17,0,4.14,36.97,"MIGUEL_BARBOSA_HUERTA",47.17,"1"
"052",1022,605,7845,2,227,9701,27900,10.53,6.24,80.87,0.02,2.34,34.77,"MIGUEL_BARBOSA_HUERTA",80.87,"1"
"053",97,83,351,0,13,544,1117,17.83,15.26,64.52,0,2.39,48.7,"MIGUEL_BARBOSA_HUERTA",64.52,"1"
"054",2442,5214,9025,14,746,17441,45179,14,29.9,51.75,0.08,4.28,38.6,"MIGUEL_BARBOSA_HUERTA",51.75,"1"
"055",1399,1275,2219,0,281,5174,21747,27.04,24.64,42.89,0,5.43,23.79,"MIGUEL_BARBOSA_HUERTA",42.89,"1"
"056",202,443,728,0,34,1407,3997,14.36,31.49,51.74,0,2.42,35.2,"MIGUEL_BARBOSA_HUERTA",51.74,"1"
"057",29,44,542,0,14,629,1227,4.61,7,86.17,0,2.23,51.26,"MIGUEL_BARBOSA_HUERTA",86.17,"1"
"058",267,452,472,1,56,1248,5127,21.39,36.22,37.82,0.08,4.49,24.34,"MIGUEL_BARBOSA_HUERTA",37.82,"1"
"059",539,1147,1029,3,116,2834,12340,19.02,40.47,36.31,0.11,4.09,22.97,"ALBERTO_JIMENEZ_MERINO",40.47,"3"
"060",77,75,280,0,10,442,2354,17.42,16.97,63.35,0,2.26,18.78,"MIGUEL_BARBOSA_HUERTA",63.35,"1"
"061",269,530,458,1,35,1293,5125,20.8,40.99,35.42,0.08,2.71,25.23,"ALBERTO_JIMENEZ_MERINO",40.99,"3"
"062",259,325,5975,1,144,6704,8678,3.86,4.85,89.13,0.01,2.15,77.25,"MIGUEL_BARBOSA_HUERTA",89.13,"1"
"063",331,390,428,6,32,1187,3700,27.89,32.86,36.06,0.51,2.7,32.08,"MIGUEL_BARBOSA_HUERTA",36.06,"1"
"064",672,489,1900,2,104,3167,10240,21.22,15.44,59.99,0.06,3.28,30.93,"MIGUEL_BARBOSA_HUERTA",59.99,"1"
"065",1053,617,2587,2,145,4404,12888,23.91,14.01,58.74,0.05,3.29,34.17,"MIGUEL_BARBOSA_HUERTA",58.74,"1"
"066",1012,926,1619,2,86,3645,14425,27.76,25.4,44.42,0.05,2.36,25.27,"MIGUEL_BARBOSA_HUERTA",44.42,"1"
"067",176,123,1340,0,52,1691,5439,10.41,7.27,79.24,0,3.08,31.09,"MIGUEL_BARBOSA_HUERTA",79.24,"1"
"068",498,433,3569,1,215,4716,11684,10.56,9.18,75.68,0.02,4.56,40.36,"MIGUEL_BARBOSA_HUERTA",75.68,"1"
"069",778,790,916,9,134,2627,5446,29.62,30.07,34.87,0.34,5.1,48.24,"MIGUEL_BARBOSA_HUERTA",34.87,"1"
"070",1128,1695,4194,3,234,7254,20728,15.55,23.37,57.82,0.04,3.23,35,"MIGUEL_BARBOSA_HUERTA",57.82,"1"
"071",467,396,1110,0,62,2035,5043,22.95,19.46,54.55,0,3.05,40.35,"MIGUEL_BARBOSA_HUERTA",54.55,"1"
"072",4167,4575,11390,28,1195,21355,72544,19.51,21.42,53.34,0.13,5.6,29.44,"MIGUEL_BARBOSA_HUERTA",53.34,"1"
"073",229,1866,3303,1,155,5554,11425,4.12,33.6,59.47,0.02,2.79,48.61,"MIGUEL_BARBOSA_HUERTA",59.47,"1"
"074",246,284,1991,2,84,2607,7350,9.44,10.89,76.37,0.08,3.22,35.47,"MIGUEL_BARBOSA_HUERTA",76.37,"1"
"075",286,283,653,0,30,1252,5003,22.84,22.6,52.16,0,2.4,25.02,"MIGUEL_BARBOSA_HUERTA",52.16,"1"
"076",4807,2186,6904,8,426,14331,55557,33.54,15.25,48.18,0.06,2.97,25.8,"MIGUEL_BARBOSA_HUERTA",48.18,"1"
"077",376,1284,1808,1,140,3609,8437,10.42,35.58,50.1,0.03,3.88,42.78,"MIGUEL_BARBOSA_HUERTA",50.1,"1"
"078",934,2839,3398,2,335,7508,19797,12.44,37.81,45.26,0.03,4.46,37.92,"MIGUEL_BARBOSA_HUERTA",45.26,"1"
"079",192,1144,583,0,133,2052,4172,9.36,55.75,28.41,0,6.48,49.19,"ALBERTO_JIMENEZ_MERINO",55.75,"3"
"080",202,1394,1506,1,193,3296,9721,6.13,42.29,45.69,0.03,5.86,33.91,"MIGUEL_BARBOSA_HUERTA",45.69,"1"
"081",213,434,750,0,30,1427,4102,14.93,30.41,52.56,0,2.1,34.79,"MIGUEL_BARBOSA_HUERTA",52.56,"1"
"082",21,10,573,0,18,622,1886,3.38,1.61,92.12,0,2.89,32.98,"MIGUEL_BARBOSA_HUERTA",92.12,"1"
"083",52,293,534,0,15,894,3078,5.82,32.77,59.73,0,1.68,29.04,"MIGUEL_BARBOSA_HUERTA",59.73,"1"
"084",280,974,1304,0,64,2622,5997,10.68,37.15,49.73,0,2.44,43.72,"MIGUEL_BARBOSA_HUERTA",49.73,"1"
"085",627,3973,3199,3,346,8148,18057,7.7,48.76,39.26,0.04,4.25,45.12,"ALBERTO_JIMENEZ_MERINO",48.76,"3"
"086",212,944,866,4,93,2119,4896,10,44.55,40.87,0.19,4.39,43.28,"ALBERTO_JIMENEZ_MERINO",44.55,"3"
"087",2864,1940,10754,19,520,16097,58786,17.79,12.05,66.81,0.12,3.23,27.38,"MIGUEL_BARBOSA_HUERTA",66.81,"1"
"088",364,421,2308,112,118,3323,9217,10.95,12.67,69.46,3.37,3.55,36.05,"MIGUEL_BARBOSA_HUERTA",69.46,"1"
"089",196,458,3462,0,103,4219,9343,4.65,10.86,82.06,0,2.44,45.16,"MIGUEL_BARBOSA_HUERTA",82.06,"1"
"090",124,628,921,1,59,1733,3470,7.16,36.24,53.14,0.06,3.4,49.94,"MIGUEL_BARBOSA_HUERTA",53.14,"1"
"091",799,264,1844,0,138,3045,9193,26.24,8.67,60.56,0,4.53,33.12,"MIGUEL_BARBOSA_HUERTA",60.56,"1"
"092",1654,594,1890,3,112,4253,17101,38.89,13.97,44.44,0.07,2.63,24.87,"MIGUEL_BARBOSA_HUERTA",44.44,"1"
"093",370,349,1100,1,72,1892,5892,19.56,18.45,58.14,0.05,3.81,32.11,"MIGUEL_BARBOSA_HUERTA",58.14,"1"
"094",60,152,1144,0,34,1390,3230,4.32,10.94,82.3,0,2.45,43.03,"MIGUEL_BARBOSA_HUERTA",82.3,"1"
"095",232,446,1091,0,31,1800,5752,12.89,24.78,60.61,0,1.72,31.29,"MIGUEL_BARBOSA_HUERTA",60.61,"1"
"096",1247,1177,5080,5,295,7804,23527,15.98,15.08,65.09,0.06,3.78,33.17,"MIGUEL_BARBOSA_HUERTA",65.09,"1"
"097",33,37,128,0,3,201,479,16.42,18.41,63.68,0,1.49,41.96,"MIGUEL_BARBOSA_HUERTA",63.68,"1"
"098",378,620,557,0,42,1597,2154,23.67,38.82,34.88,0,2.63,74.14,"ALBERTO_JIMENEZ_MERINO",38.82,"3"
"099",109,159,329,1,25,623,1787,17.5,25.52,52.81,0.16,4.01,34.86,"MIGUEL_BARBOSA_HUERTA",52.81,"1"
"100",173,357,1261,2,27,1820,4918,9.51,19.62,69.29,0.11,1.48,37.01,"MIGUEL_BARBOSA_HUERTA",69.29,"1"
"101",524,1212,1800,4,192,3732,6774,14.04,32.48,48.23,0.11,5.14,55.09,"MIGUEL_BARBOSA_HUERTA",48.23,"1"
"102",103,265,632,2,74,1076,2671,9.57,24.63,58.74,0.19,6.88,40.28,"MIGUEL_BARBOSA_HUERTA",58.74,"1"
"103",1244,526,1116,1,61,2948,8887,42.2,17.84,37.86,0.03,2.07,33.17,"ENRIQUE_CARDENAS_SANCHEZ",42.2,"2"
"104",172,391,574,0,23,1160,4731,14.83,33.71,49.48,0,1.98,24.52,"MIGUEL_BARBOSA_HUERTA",49.48,"1"
"105",769,949,1544,1,95,3358,17747,22.9,28.26,45.98,0.03,2.83,18.92,"MIGUEL_BARBOSA_HUERTA",45.98,"1"
"106",304,250,526,1,57,1138,3619,26.71,21.97,46.22,0.09,5.01,31.45,"MIGUEL_BARBOSA_HUERTA",46.22,"1"
"107",5650,4639,3932,4,410,14635,25115,38.61,31.7,26.87,0.03,2.8,58.27,"ENRIQUE_CARDENAS_SANCHEZ",38.61,"2"
"108",923,1131,2792,8,188,5042,8213,18.31,22.43,55.37,0.16,3.73,61.39,"MIGUEL_BARBOSA_HUERTA",55.37,"1"
"109",744,845,2189,3,164,3945,11849,18.86,21.42,55.49,0.08,4.16,33.29,"MIGUEL_BARBOSA_HUERTA",55.49,"1"
"110",590,510,2917,23,194,4234,13861,13.93,12.05,68.89,0.54,4.58,30.55,"MIGUEL_BARBOSA_HUERTA",68.89,"1"
"111",2836,1940,3473,23,331,8603,29385,32.97,22.55,40.37,0.27,3.85,29.28,"MIGUEL_BARBOSA_HUERTA",40.37,"1"
"112",979,434,4977,5,192,6587,14021,14.86,6.59,75.56,0.08,2.91,46.98,"MIGUEL_BARBOSA_HUERTA",75.56,"1"
"113",484,426,955,2,66,1933,7091,25.04,22.04,49.41,0.1,3.41,27.26,"MIGUEL_BARBOSA_HUERTA",49.41,"1"
"114",108,256,533,0,13,910,4106,11.87,28.13,58.57,0,1.43,22.16,"MIGUEL_BARBOSA_HUERTA",58.57,"1"
"115",229017,51951,161931,771,15698,459368,1299027,49.85,11.31,35.25,0.17,3.42,35.36,"ENRIQUE_CARDENAS_SANCHEZ",49.85,"2"
"116",2233,2268,8979,5,503,13988,34379,15.96,16.21,64.19,0.04,3.6,40.69,"MIGUEL_BARBOSA_HUERTA",64.19,"1"
"117",1121,960,1976,0,119,4176,13485,26.84,22.99,47.32,0,2.85,30.97,"MIGUEL_BARBOSA_HUERTA",47.32,"1"
"118",883,453,1530,1,146,3013,13464,29.31,15.03,50.78,0.03,4.85,22.38,"MIGUEL_BARBOSA_HUERTA",50.78,"1"
"119",1105,1432,1767,0,134,4438,17486,24.9,32.27,39.82,0,3.02,25.38,"MIGUEL_BARBOSA_HUERTA",39.82,"1"
"120",23498,2557,8690,16,764,35525,94615,66.14,7.2,24.46,0.05,2.15,37.55,"ENRIQUE_CARDENAS_SANCHEZ",66.14,"2"
"121",175,500,488,0,25,1188,3820,14.73,42.09,41.08,0,2.1,31.1,"ALBERTO_JIMENEZ_MERINO",42.09,"3"
"122",37,106,429,0,12,584,913,6.34,18.15,73.46,0,2.05,63.96,"MIGUEL_BARBOSA_HUERTA",73.46,"1"
"123",387,414,535,1,55,1392,7489,27.8,29.74,38.43,0.07,3.95,18.59,"MIGUEL_BARBOSA_HUERTA",38.43,"1"
"124",50,347,1243,0,82,1722,2858,2.9,20.15,72.18,0,4.76,60.25,"MIGUEL_BARBOSA_HUERTA",72.18,"1"
"125",810,853,1990,1,89,3743,11178,21.64,22.79,53.17,0.03,2.38,33.49,"MIGUEL_BARBOSA_HUERTA",53.17,"1"
"126",1538,177,435,2,54,2206,7108,69.72,8.02,19.72,0.09,2.45,31.04,"ENRIQUE_CARDENAS_SANCHEZ",69.72,"2"
"127",361,215,531,0,40,1147,4233,31.47,18.74,46.29,0,3.49,27.1,"MIGUEL_BARBOSA_HUERTA",46.29,"1"
"128",103,259,795,0,61,1218,3202,8.46,21.26,65.27,0,5.01,38.04,"MIGUEL_BARBOSA_HUERTA",65.27,"1"
"129",480,532,1117,1,66,2196,6551,21.86,24.23,50.87,0.05,3.01,33.52,"MIGUEL_BARBOSA_HUERTA",50.87,"1"
"130",539,1082,2145,0,74,3840,9794,14.04,28.18,55.86,0,1.93,39.21,"MIGUEL_BARBOSA_HUERTA",55.86,"1"
"131",257,147,501,0,30,935,2921,27.49,15.72,53.58,0,3.21,32.01,"MIGUEL_BARBOSA_HUERTA",53.58,"1"
"132",44,81,204,0,2,331,778,13.29,24.47,61.63,0,0.6,42.54,"MIGUEL_BARBOSA_HUERTA",61.63,"1"
"133",9679,3952,10675,33,973,25312,111835,38.24,15.61,42.17,0.13,3.84,22.63,"MIGUEL_BARBOSA_HUERTA",42.17,"1"
"134",30,55,154,0,7,246,612,12.2,22.36,62.6,0,2.85,40.2,"MIGUEL_BARBOSA_HUERTA",62.6,"1"
"135",1308,871,1335,5,115,3634,15293,35.99,23.97,36.74,0.14,3.16,23.76,"MIGUEL_BARBOSA_HUERTA",36.74,"1"
"136",40,122,50,0,1,213,475,18.78,57.28,23.47,0,0.47,44.84,"ALBERTO_JIMENEZ_MERINO",57.28,"3"
"137",1163,433,928,1,55,2580,8944,45.08,16.78,35.97,0.04,2.13,28.85,"ENRIQUE_CARDENAS_SANCHEZ",45.08,"2"
"138",332,1205,1289,0,71,2897,7429,11.46,41.59,44.49,0,2.45,39,"MIGUEL_BARBOSA_HUERTA",44.49,"1"
"139",418,445,1312,0,43,2218,8112,18.85,20.06,59.15,0,1.94,27.34,"MIGUEL_BARBOSA_HUERTA",59.15,"1"
"140",58,198,664,0,18,938,2914,6.18,21.11,70.79,0,1.92,32.19,"MIGUEL_BARBOSA_HUERTA",70.79,"1"
"141",22363,3894,11167,34,945,38403,104770,58.23,10.14,29.08,0.09,2.46,36.65,"ENRIQUE_CARDENAS_SANCHEZ",58.23,"2"
"142",156,155,675,1,25,1012,2859,15.42,15.32,66.7,0.1,2.47,35.4,"MIGUEL_BARBOSA_HUERTA",66.7,"1"
"143",1829,1697,2313,1,262,6102,20615,29.97,27.81,37.91,0.02,4.29,29.6,"MIGUEL_BARBOSA_HUERTA",37.91,"1"
"144",1207,1244,2383,3,162,4999,21957,24.14,24.88,47.67,0.06,3.24,22.77,"MIGUEL_BARBOSA_HUERTA",47.67,"1"
"145",433,371,805,0,22,1631,9529,26.55,22.75,49.36,0,1.35,17.12,"MIGUEL_BARBOSA_HUERTA",49.36,"1"
"146",38,131,216,0,10,395,744,9.62,33.16,54.68,0,2.53,53.09,"MIGUEL_BARBOSA_HUERTA",54.68,"1"
"147",201,1166,986,2,41,2396,4567,8.39,48.66,41.15,0.08,1.71,52.46,"ALBERTO_JIMENEZ_MERINO",48.66,"3"
"148",495,298,864,0,50,1707,7815,29,17.46,50.62,0,2.93,21.84,"MIGUEL_BARBOSA_HUERTA",50.62,"1"
"149",1320,511,2217,2,128,4178,17759,31.59,12.23,53.06,0.05,3.06,23.53,"MIGUEL_BARBOSA_HUERTA",53.06,"1"
"150",447,224,914,0,34,1619,6215,27.61,13.84,56.45,0,2.1,26.05,"MIGUEL_BARBOSA_HUERTA",56.45,"1"
"151",302,476,853,1,50,1682,8932,17.95,28.3,50.71,0.06,2.97,18.83,"MIGUEL_BARBOSA_HUERTA",50.71,"1"
"152",1214,815,1793,3,152,3977,15438,30.53,20.49,45.08,0.08,3.82,25.76,"MIGUEL_BARBOSA_HUERTA",45.08,"1"
"153",4452,2400,7047,6,367,14272,54585,31.19,16.82,49.38,0.04,2.57,26.15,"MIGUEL_BARBOSA_HUERTA",49.38,"1"
"154",79,1050,333,0,28,1490,4788,5.3,70.47,22.35,0,1.88,31.12,"ALBERTO_JIMENEZ_MERINO",70.47,"3"
"155",18373,5934,32603,43,1715,58668,220952,31.32,10.11,55.57,0.07,2.92,26.55,"MIGUEL_BARBOSA_HUERTA",55.57,"1"
"156",221,1216,1533,0,53,3023,9728,7.31,40.22,50.71,0,1.75,31.08,"MIGUEL_BARBOSA_HUERTA",50.71,"1"
"157",232,901,1195,1,104,2433,5348,9.54,37.03,49.12,0.04,4.27,45.49,"MIGUEL_BARBOSA_HUERTA",49.12,"1"
"158",569,159,576,1,54,1359,3482,41.87,11.7,42.38,0.07,3.97,39.03,"MIGUEL_BARBOSA_HUERTA",42.38,"1"
"159",65,211,752,0,34,1062,2548,6.12,19.87,70.81,0,3.2,41.68,"MIGUEL_BARBOSA_HUERTA",70.81,"1"
"160",990,435,2361,1,96,3883,15470,25.5,11.2,60.8,0.03,2.47,25.1,"MIGUEL_BARBOSA_HUERTA",60.8,"1"
"161",151,300,768,0,78,1297,2913,11.64,23.13,59.21,0,6.01,44.52,"MIGUEL_BARBOSA_HUERTA",59.21,"1"
"162",1070,586,1111,3,53,2823,12026,37.9,20.76,39.36,0.11,1.88,23.47,"MIGUEL_BARBOSA_HUERTA",39.36,"1"
"163",4547,3207,9820,11,595,18180,56128,25.01,17.64,54.02,0.06,3.27,32.39,"MIGUEL_BARBOSA_HUERTA",54.02,"1"
"164",12,68,192,0,11,283,887,4.24,24.03,67.84,0,3.89,31.91,"MIGUEL_BARBOSA_HUERTA",67.84,"1"
"165",510,2001,2109,1,148,4769,6887,10.69,41.96,44.22,0.02,3.1,69.25,"MIGUEL_BARBOSA_HUERTA",44.22,"1"
"166",299,723,1173,2,154,2351,7180,12.72,30.75,49.89,0.09,6.55,32.74,"MIGUEL_BARBOSA_HUERTA",49.89,"1"
"167",132,306,1258,0,55,1751,4995,7.54,17.48,71.84,0,3.14,35.06,"MIGUEL_BARBOSA_HUERTA",71.84,"1"
"168",722,1820,3342,4,190,6078,14662,11.88,29.94,54.99,0.07,3.13,41.45,"MIGUEL_BARBOSA_HUERTA",54.99,"1"
"169",681,722,2436,2,144,3985,12507,17.09,18.12,61.13,0.05,3.61,31.86,"MIGUEL_BARBOSA_HUERTA",61.13,"1"
"170",238,179,553,0,27,997,2781,23.87,17.95,55.47,0,2.71,35.85,"MIGUEL_BARBOSA_HUERTA",55.47,"1"
"171",579,4342,3324,6,440,8691,19006,6.66,49.96,38.25,0.07,5.06,45.73,"ALBERTO_JIMENEZ_MERINO",49.96,"3"
"172",299,212,1100,0,77,1688,4456,17.71,12.56,65.17,0,4.56,37.88,"MIGUEL_BARBOSA_HUERTA",65.17,"1"
"173",7155,2981,10550,9,795,21490,72874,33.29,13.87,49.09,0.04,3.7,29.49,"MIGUEL_BARBOSA_HUERTA",49.09,"1"
"174",527,560,1423,2,73,2585,8279,20.39,21.66,55.05,0.08,2.82,31.22,"MIGUEL_BARBOSA_HUERTA",55.05,"1"
"175",278,228,1549,1,366,2422,6915,11.48,9.41,63.96,0.04,15.11,35.03,"MIGUEL_BARBOSA_HUERTA",63.96,"1"
"176",1983,1649,3968,7,219,7826,35717,25.34,21.07,50.7,0.09,2.8,21.91,"MIGUEL_BARBOSA_HUERTA",50.7,"1"
"177",357,462,3917,0,132,4868,8311,7.33,9.49,80.46,0,2.71,58.57,"MIGUEL_BARBOSA_HUERTA",80.46,"1"
"178",815,1132,2501,0,241,4689,11723,17.38,24.14,53.34,0,5.14,40,"MIGUEL_BARBOSA_HUERTA",53.34,"1"
"179",991,3292,3109,3,223,7618,20966,13.01,43.21,40.81,0.04,2.93,36.34,"ALBERTO_JIMENEZ_MERINO",43.21,"3"
"180",1206,3801,2929,16,234,8186,28553,14.73,46.43,35.78,0.2,2.86,28.67,"ALBERTO_JIMENEZ_MERINO",46.43,"3"
"181",299,209,438,0,58,1004,4794,29.78,20.82,43.63,0,5.78,20.94,"MIGUEL_BARBOSA_HUERTA",43.63,"1"
"182",223,399,335,1,198,1156,3529,19.29,34.52,28.98,0.09,17.13,32.76,"ALBERTO_JIMENEZ_MERINO",34.52,"3"
"183",1298,1410,4234,0,268,7210,14458,18,19.56,58.72,0,3.72,49.87,"MIGUEL_BARBOSA_HUERTA",58.72,"1"
"184",174,307,1973,5,108,2567,4808,6.78,11.96,76.86,0.19,4.21,53.39,"MIGUEL_BARBOSA_HUERTA",76.86,"1"
"185",277,508,1101,0,54,1940,6839,14.28,26.19,56.75,0,2.78,28.37,"MIGUEL_BARBOSA_HUERTA",56.75,"1"
"186",2827,2810,6510,2,689,12838,38203,22.02,21.89,50.71,0.02,5.37,33.6,"MIGUEL_BARBOSA_HUERTA",50.71,"1"
"187",246,166,1372,1,70,1855,3732,13.26,8.95,73.96,0.05,3.77,49.71,"MIGUEL_BARBOSA_HUERTA",73.96,"1"
"188",1332,1074,1567,1,191,4165,13068,31.98,25.79,37.62,0.02,4.59,31.87,"MIGUEL_BARBOSA_HUERTA",37.62,"1"
"189",905,680,2434,1,82,4102,14481,22.06,16.58,59.34,0.02,2,28.33,"MIGUEL_BARBOSA_HUERTA",59.34,"1"
"190",52,83,340,0,5,480,953,10.83,17.29,70.83,0,1.04,50.37,"MIGUEL_BARBOSA_HUERTA",70.83,"1"
"191",127,295,1644,0,56,2122,7628,5.98,13.9,77.47,0,2.64,27.82,"MIGUEL_BARBOSA_HUERTA",77.47,"1"
"192",186,320,1336,0,55,1897,4469,9.8,16.87,70.43,0,2.9,42.45,"MIGUEL_BARBOSA_HUERTA",70.43,"1"
"193",175,775,533,1,27,1511,5131,11.58,51.29,35.27,0.07,1.79,29.45,"ALBERTO_JIMENEZ_MERINO",51.29,"3"
"194",4417,230,5979,5,319,10950,20778,40.34,2.1,54.6,0.05,2.91,52.7,"MIGUEL_BARBOSA_HUERTA",54.6,"1"
"195",3240,1777,3679,2,328,9026,17134,35.9,19.69,40.76,0.02,3.63,52.68,"MIGUEL_BARBOSA_HUERTA",40.76,"1"
"196",29,66,349,0,18,462,1385,6.28,14.29,75.54,0,3.9,33.36,"MIGUEL_BARBOSA_HUERTA",75.54,"1"
"197",5408,3989,7852,9,864,18122,56238,29.84,22.01,43.33,0.05,4.77,32.22,"MIGUEL_BARBOSA_HUERTA",43.33,"1"
"198",103,140,331,0,16,590,1075,17.46,23.73,56.1,0,2.71,54.88,"MIGUEL_BARBOSA_HUERTA",56.1,"1"
"199",1810,2270,3152,2,358,7592,27204,23.84,29.9,41.52,0.03,4.72,27.91,"MIGUEL_BARBOSA_HUERTA",41.52,"1"
"200",85,408,636,0,53,1182,2783,7.19,34.52,53.81,0,4.48,42.47,"MIGUEL_BARBOSA_HUERTA",53.81,"1"
"201",124,80,307,0,21,532,2516,23.31,15.04,57.71,0,3.95,21.14,"MIGUEL_BARBOSA_HUERTA",57.71,"1"
"202",273,1978,1251,3,189,3694,8630,7.39,53.55,33.87,0.08,5.12,42.8,"ALBERTO_JIMENEZ_MERINO",53.55,"3"
"203",228,602,749,1,22,1602,4698,14.23,37.58,46.75,0.06,1.37,34.1,"MIGUEL_BARBOSA_HUERTA",46.75,"1"
"204",181,409,1575,0,68,2233,5600,8.11,18.32,70.53,0,3.05,39.88,"MIGUEL_BARBOSA_HUERTA",70.53,"1"
"205",937,965,2564,3,111,4580,16922,20.46,21.07,55.98,0.07,2.42,27.07,"MIGUEL_BARBOSA_HUERTA",55.98,"1"
"206",106,174,642,1,25,948,3348,11.18,18.35,67.72,0.11,2.64,28.32,"MIGUEL_BARBOSA_HUERTA",67.72,"1"
"207",2431,3789,4753,4,620,11597,38664,20.96,32.67,40.98,0.03,5.35,29.99,"MIGUEL_BARBOSA_HUERTA",40.98,"1"
"208",4643,5834,9015,13,953,20458,60465,22.7,28.52,44.07,0.06,4.66,33.83,"MIGUEL_BARBOSA_HUERTA",44.07,"1"
"209",373,261,2054,1,69,2758,6773,13.52,9.46,74.47,0.04,2.5,40.72,"MIGUEL_BARBOSA_HUERTA",74.47,"1"
"210",235,593,972,0,60,1860,4037,12.63,31.88,52.26,0,3.23,46.07,"MIGUEL_BARBOSA_HUERTA",52.26,"1"
"211",697,1104,2114,5,161,4081,11654,17.08,27.05,51.8,0.12,3.95,35.02,"MIGUEL_BARBOSA_HUERTA",51.8,"1"
"212",1078,1916,3088,9,265,6356,14058,16.96,30.14,48.58,0.14,4.17,45.21,"MIGUEL_BARBOSA_HUERTA",48.58,"1"
"213",1030,415,1981,5,207,3638,9538,28.31,11.41,54.45,0.14,5.69,38.14,"MIGUEL_BARBOSA_HUERTA",54.45,"1"
"214",491,648,3958,0,93,5190,11722,9.46,12.49,76.26,0,1.79,44.28,"MIGUEL_BARBOSA_HUERTA",76.26,"1"
"215",127,736,731,0,58,1652,3533,7.69,44.55,44.25,0,3.51,46.76,"ALBERTO_JIMENEZ_MERINO",44.55,"3"
"216",72,488,353,0,44,957,1824,7.52,50.99,36.89,0,4.6,52.47,"ALBERTO_JIMENEZ_MERINO",50.99,"3"
"217",2201,611,1799,4,405,5020,12735,43.84,12.17,35.84,0.08,8.07,39.42,"ENRIQUE_CARDENAS_SANCHEZ",43.84,"2"
